agency_cd,site_no,measurement_nu,measurement_dt,measurement_tm,tz_cd_reported,q_meas_used_fg,party_nm,site_visit_coll_agency_cd,gage_height_va,discharge_va,measured_rating_diff,gage_va_change,gage_va_time,control_type_cd,discharge_cd,chan_nu,chan_name,meas_type,streamflow_method,velocity_method,chan_discharge,chan_width,chan_area,chan_velocity,chan_stability,chan_material,chan_evenness,long_vel_desc,horz_vel_desc,vert_vel_desc,chan_loc_cd,chan_loc_dist,measurement_dateTime,tz_cd
USGS,01589000,526,2010-10-21,14:51,EST,Yes,MCG,USGS,1.53,53,Fair,0,0.6,DebrisModerate,UNSP,1,Imported Channel 1,WADE,QSCMM,VADV,53,103,135,0.39,FIRM,BLDR,EVEN,unkn,EVEN,UNSP,UPST,150,2010-10-21T18:51:30Z,America/New_York
USGS,01589000,527,2010-12-13,10:15,EST,Yes,SJP,USGS,1.89,152,Fair,,,DebrisLight,MEAS,1,1,WADE,QSCMM,VADV,152,106,158,0.96,FIRM,GRVL,UNEV,unkn,EVEN,STND,UPST,300,2010-12-13T15:15:30Z,America/New_York
USGS,01589000,528,2011-02-07,13:52,EST,Yes,jjk,USGS,1.93,156,Fair,,,DebrisLight,MEAS,1,mn,WADE,QSCMM,VADV,156,110,171,0.9,FIRM,BLDR,EVEN,unkn,EVEN,UNFM,UPST,200,2011-02-07T18:52:00Z,America/New_York
USGS,01589000,529,2011-03-07,14:30,EST,Yes,MCG/MKM,USGS,2.51,436,Good,-0.04,1,Clear,MEAS,1,Imported Channel 1,WADE,QSCMM,VADV,436,113,238,1.84,FIRM,BLDR,EVEN,unkn,EVEN,UNSP,UPST,250,2011-03-07T19:30:30Z,America/New_York
USGS,01589000,530,2011-03-30,14:43,EST,Yes,jjk,USGS,1.98,197,Good,0,0.4,Clear,MEAS,1,main,CWAY,QADCP,VADCP,197,121,296,0.66,FIRM,GRVL,EVEN,unkn,EVEN,UNFM,UPST,250,2011-03-30T18:43:30Z,America/New_York
USGS,01589000,531,2011-06-16,13:19,EST,Yes,jjk,USGS,1.55,60.6,Fair,,,Clear,MEAS,1,main,WADE,QSCMM,VADV,60.6,109,130,0.46,FIRM,BLDR,EVEN,unkn,EVEN,UNFM,UPST,200,2011-06-16T17:19:00Z,America/New_York
USGS,01589000,532,2011-08-05,12:37,EST,Yes,mkm,USGS,1.39,36.5,Fair,,,Clear,MEAS,1,main,WADE,QSCMM,VADV,36.5,97.4,110,0.33,FIRM,BLDR,EVEN,unkn,EVEN,UNFM,UPST,200,2011-08-05T16:37:30Z,America/New_York
USGS,01589000,533C,2011-09-07,14:05,EST,Yes,SJP/JJK,USGS,12.62,19700,Poor,0,0.2,Unspecifed,MEAS,1,Imported Channel 1,OTHR,QIDIR,,19700,,,,FIRM,CBLS,UNEV,unkn,UNEV,STND,ATGA,,2011-09-07T18:05:00Z,America/New_York
USGS,01589000,533,2011-09-09,11:10,EST,Yes,ELB/MCG,USGS,4.25,2130,Good,-0.03,0.3,Unspecifed,MEAS,1,main,CWAY,QADCP,VADCP,2130,112,550,3.78,UNSP,UNSP,UNSP,unkn,UNSP,UNSP,DNST,50,2011-09-09T15:10:00Z,America/New_York
USGS,01589000,534,2011-10-11,11:53,EST,Yes,mkm,USGS,1.72,85.5,Fair,,,Clear,MEAS,1,534,WADE,QSCMM,VADV,85.5,111,153,0.56,FIRM,BLDR,EVEN,unkn,EVEN,UNFM,UPST,250,2011-10-11T15:53:00Z,America/New_York
USGS,01589000,535,2011-12-08,15:38,EST,Yes,mkm/jjk,USGS,3.74,1530,Poor,-0.03,0.6,Clear,MEAS,1,main,BRDS,QADCP,VADCP,1530,130,596,2.63,FIRM,BLDR,EVEN,unkn,EVEN,UNFM,DNST,25,2011-12-08T20:38:00Z,America/New_York
USGS,01589000,536,2012-02-02,11:25,EST,Yes,mkm,USGS,2.04,207,Good,0,1.1,Clear,MEAS,1,586,WADE,QSCMM,VADV,207,112,184,1.12,FIRM,BLDR,EVEN,unkn,EVEN,UNFM,UPST,300,2012-02-02T16:25:30Z,America/New_York
USGS,01589000,537,2012-04-03,13:26,EST,Yes,mkm,USGS,1.75,110,Fair,-0.01,0.9,Clear,MEAS,1,137,WADE,QSCMM,VADV,110,111,156,0.71,FIRM,BLDR,EVEN,unkn,EVEN,UNFM,UPST,300,2012-04-03T17:26:00Z,America/New_York
USGS,01589000,538,2012-06-08,11:01,EST,Yes,mkm,USGS,1.8,124,Fair,0.03,1.1,Clear,MEAS,1,main,WADE,QSCMM,VADV,124,111,162,0.76,FIRM,BLDR,EVEN,unkn,EVEN,UNFM,UPST,300,2012-06-08T15:01:00Z,America/New_York
USGS,01589000,539,2012-08-02,09:50,EST,Yes,mkm,USGS,1.46,50.3,Fair,,,Clear,MEAS,1,main,WADE,QSCMM,VADV,50.3,108,128,0.39,FIRM,BLDR,EVEN,unkn,EVEN,UNFM,UPST,300,2012-08-02T13:50:30Z,America/New_York
USGS,01589000,540,2012-09-14,10:26,EST,Yes,mkm,USGS,1.32,29.1,Fair,0,1,Clear,MEAS,1,Main,WADE,QSCMM,VADV,29.1,107,120,0.24,FIRM,BLDR,EVEN,unkn,EVEN,UNFM,UPST,300,2012-09-14T14:26:00Z,America/New_York
USGS,01589000,541,2012-10-09,09:16,EST,Yes,mkm,USGS,1.52,54.9,Good,0,1,DebrisLight,MEAS,1,Main,WADE,QSCMM,VADV,54.9,108,139,0.39,FIRM,BLDR,EVEN,unkn,EVEN,STND,UPST,300,2012-10-09T13:16:00Z,America/New_York
USGS,01589000,542,2012-10-31,12:16,EST,Yes,jjk/mcg,USGS,3.98,1740,Poor,-0.02,0.4,,MEAS,1,Main,CWAY,QADCP,VADCP,1740,111,559,3.05,FIRM,BLDR,UNEV,unkn,EVEN,STND,DNST,20,2012-10-31T16:16:00Z,America/New_York
USGS,01589000,543,2012-12-04,07:31,EST,Yes,jjk/sjp,USGS,1.66,80.6,Good,0,0.6,Clear,MEAS,1,m,WADE,QSCMM,VADV,80.6,102,136,0.59,FIRM,BLDR,UNEV,unkn,UNSP,UNKN,UPST,300,2012-12-04T12:31:00Z,America/New_York
USGS,01589000,544,2013-02-06,13:58,EST,Yes,jjk,USGS,2.38,379,Good,0,0.8,Clear,MEAS,1,main,WADE,QSCMM,VADV,379,128,248,1.53,FIRM,CBLS,EVEN,unkn,EVEN,UNKN,UPST,200,2013-02-06T18:58:00Z,America/New_York
USGS,01589000,545,2013-04-11,13:46,EST,Yes,JJK,USGS,1.9,178,Fair,0,0.3,VegetationLight,MEAS,1,main,CWAY,QADCP,VADCP,178,100,209,0.86,FIRM,BLDR,EVEN,unkn,EVEN,UNFM,UPST,75,2013-04-11T17:46:04Z,America/New_York
USGS,01589000,546,2013-06-19,10:35,EST,Yes,JJK,USGS,2.17,296,Good,0,0.4,Clear,MEAS,1,main,CWAY,QADCP,VADCP,296,124,278,1.06,FIRM,GRVL,EVEN,unkn,EVEN,NSTD,UPST,250,2013-06-19T14:35:24Z,America/New_York
USGS,01589000,547,2013-08-16,12:12,EST,Yes,JJK,USGS,1.58,81.6,Fair,0,0.5,Clear,MEAS,1,all,CWAY,QADCP,VADCP,81.6,95.1,203,0.4,FIRM,BLDR,EVEN,unkn,UNEV,NSTD,UPST,100,2013-08-16T16:12:04Z,America/New_York
USGS,01589000,548,2013-09-10,11:24,EST,Yes,JJK,USGS,1.42,42.1,Fair,0,0.5,DebrisLight,MEAS,1,all,CWAY,QADCP,VADCP,42.1,75.4,197,0.21,FIRM,BLDR,UNEV,unkn,UNEV,STND,DNST,60,2013-09-10T15:24:49Z,America/New_York
USGS,01589000,549,2013-10-29,10:56,EST,Yes,JJK,USGS,1.66,75.5,Fair,0,0.4,DebrisLight,MEAS,1,all,CWAY,QADCP,VADCP,75.5,88.7,192,0.39,FIRM,BLDR,UNEV,unkn,EVEN,NSTD,UPST,20,2013-10-29T14:56:34Z,America/New_York
USGS,01589000,550,2013-12-05,09:20,EST,Yes,jjk/sjp,USGS,1.62,86.3,Fair,0,0.3,Clear,MEAS,1,1,CWAY,QADCP,VADCP,86.3,91.9,213,0.4,FIRM,BLDR,UNEV,unkn,EVEN,STND,UPST,10,2013-12-05T14:20:36Z,America/New_York
USGS,01589000,551,2014-01-17,13:11,EST,Yes,JJK,USGS,2.25,331,Good,0,0.3,Clear,MEAS,1,all,CWAY,QADCP,VADCP,331,132,298,1.11,FIRM,CBLS,EVEN,unkn,EVEN,NSTD,UPST,300,2014-01-17T18:11:01Z,America/New_York
USGS,01589000,552,2014-03-12,13:08,EST,Yes,JJK,USGS,2.38,400,Good,0,0.4,Clear,MEAS,1,all,CWAY,QADCP,VADCP,400,131,313,1.28,FIRM,CBLS,EVEN,unkn,EVEN,NSTD,UPST,300,2014-03-12T17:08:13Z,America/New_York
USGS,01589000,553,2014-04-17,11:17,EST,Yes,JJK,USGS,2.63,575,Good,-0.01,0.2,Clear,MEAS,1,all,CWAY,QADCP,VADCP,575,134,350,1.64,FIRM,BLDR,EVEN,unkn,EVEN,NSTD,UPST,250,2014-04-17T15:17:38Z,America/New_York
USGS,01589000,554,2014-05-01,14:57,EST,Yes,jkemsp,USGS,6.09,4350,Poor,-0.05,0.4,Clear,MEAS,1,1,CWAY,QADCP,VADCP,4350,144,834,5.22,FIRM,BLDR,UNEV,unkn,EVEN,NSTD,DNST,30,2014-05-01T18:57:27Z,America/New_York
USGS,01589000,555,2014-06-25,10:22,EST,Yes,JJK,USGS,1.99,192,Fair,0,0.5,Clear,MEAS,1,all,CWAY,QADCP,VADCP,192,128,253,0.76,FIRM,BLDR,UNEV,unkn,EVEN,NSTD,UPST,300,2014-06-25T14:22:23Z,America/New_York
USGS,01589000,556,2014-08-20,11:48,EST,Yes,JJK,USGS,1.62,75.7,Good,0,0.8,VegetationLight,MEAS,1,a,WADE,QSCMM,VADV,75.7,113,135,0.56,FIRM,CBLS,UNEV,unkn,EVEN,STND,UPST,250,2014-08-20T15:48:00Z,America/New_York
USGS,01589000,557,2014-10-15,10:31,EST,Yes,ELB/JJK,USGS,1.64,58.8,Fair,0,0.9,DebrisHeavy,MEAS,1,1,WADE,QSCMM,VADV,58.8,108,152,0.39,FIRM,GRVL,EVEN,unkn,EVEN,NSTD,UPST,250,2014-10-15T14:31:30Z,America/New_York
USGS,01589000,558,2014-12-10,11:00,EST,Yes,ELB,USGS,2.39,378,Good,0,0.3,Clear,MEAS,1,1,CWAY,QADCP,VADCP,378,109,250,1.51,FIRM,BLDR,UNEV,unkn,EVEN,STND,UPST,100,2014-12-10T16:00:00Z,America/New_York
USGS,01589000,559,2015-02-10,15:51,EST,Yes,ELB,USGS,1.86,149,Poor,0,0.3,Clear,MEAS,1,1,CWAY,QADCP,VADCP,149,115,181,0.82,FIRM,CBLS,EVEN,unkn,EVEN,UNFM,UPST,250,2015-02-10T20:51:43Z,America/New_York
USGS,01589000,560,2015-04-14,14:39,EST,Yes,ELB,USGS,1.87,160,Good,0,0.3,Clear,MEAS,1,1,CWAY,QADCP,VADCP,160,112,180,0.89,FIRM,CBLS,EVEN,unkn,EVEN,STND,UPST,250,2015-04-14T18:39:14Z,America/New_York
USGS,01589000,561,2015-06-08,13:53,EST,Yes,ELB,USGS,1.79,133,Fair,0,0.3,Clear,MEAS,1,1,CWAY,QADCP,VADCP,133,114,177,0.75,FIRM,CBLS,EVEN,unkn,EVEN,UNKN,UPST,250,2015-06-08T17:53:39Z,America/New_York
USGS,01589000,562,2015-08-05,09:13,EST,Yes,ELB,USGS,1.54,64.9,Good,0,0.7,DebrisLight,MEAS,1,1,WADE,QSCMM,VADV,64.9,114,108,0.6,FIRM,CBLS,EVEN,unkn,EVEN,UNKN,UPST,250,2015-08-05T13:13:30Z,America/New_York
USGS,01589000,563,2015-10-23,12:02,EST,Yes,PLG/JEK,USGS,1.52,50.5,Fair,0,1.2,DebrisLight,MEAS,1,b,WADE,QSCMM,VADV,50.5,106,135,0.37,FIRM,GRVL,EVEN,unkn,EVEN,UNKN,UPST,200,2015-10-23T16:02:00Z,America/New_York
USGS,01589000,564,2015-12-07,15:33,EST,Yes,ELB,USGS,1.84,143,Fair,-0.01,0.3,Clear,MEAS,1,1,CWAY,QADCP,VADCP,143,114,181,0.79,FIRM,CBLS,EVEN,unkn,EVEN,UNFM,UPST,250,2015-12-07T20:33:54Z,America/New_York
USGS,01589000,565,2016-02-12,12:53,EST,Yes,ELB/JEK,USGS,2.29,382,Good,0.01,0.3,Clear,MEAS,1,1,CWAY,QADCP,VADCP,382,115,230,1.66,FIRM,CBLS,EVEN,unkn,EVEN,UNKN,UPST,250,2016-02-12T17:53:53Z,America/New_York
USGS,01589000,566,2016-03-30,11:44,EST,Yes,PLG,USGS,2.08,249,Fair,0,1,Clear,MEAS,1,a,CWAY,QADCP,VADCP,249,116,203,1.22,FIRM,GRVL,EVEN,unkn,EVEN,UNKN,UPST,300,2016-03-30T15:44:27Z,America/New_York
USGS,01589000,567,2016-06-13,11:27,EST,Yes,ELB,USGS,1.59,83.5,Good,0,,DebrisLight,MEAS,1,1,WADE,QSCMM,VADV,83.5,113,133,0.63,FIRM,CBLS,EVEN,unkn,EVEN,UNKN,DNST,300,2016-06-13T15:27:30Z,America/New_York
USGS,01589000,568C,2016-07-31,21:37,EST,Yes,ELB/AMR,USGS,14.24,22700,Fair,,,,MEAS,1,Imported Channel 1,OTHR,QIDIR,,22700,,,,UNSP,UNSP,UNSP,unkn,UNSP,UNSP,UNSP,,2016-07-31T01:37:30Z,America/New_York
USGS,01589000,569,2016-08-19,09:46,EST,Yes,AMRPJB,USGS,1.6,83.6,Fair,0,0.8,Clear,MEAS,1,a,WADE,QSCMM,VADV,83.6,89,126,0.66,FIRM,CBLS,EVEN,unkn,EVEN,UNKN,UPST,200,2016-08-19T13:46:00Z,America/New_York
USGS,01589000,570,2016-09-08,11:33,EST,Yes,PLG,USGS,1.59,82.7,Good,0,1,,MEAS,1,d,WADE,QSCMM,VADV,82.7,86,121,0.68,FIRM,CBLS,EVEN,unkn,EVEN,UNKN,UPST,300,2016-09-08T15:33:30Z,America/New_York
USGS,01589000,571,2016-09-15,10:31,EST,Yes,PLG,USGS,1.37,39.3,Fair,,,,MEAS,1,b,WADE,QSCMM,VADV,39.3,86,107,0.37,FIRM,CBLS,EVEN,unkn,EVEN,UNKN,UPST,200,2016-09-15T14:31:00Z,America/New_York
USGS,01589000,572,2016-10-04,11:18,EST,Yes,ELB/AMR,USGS,1.52,70.1,Fair,,,Clear,MEAS,1,a,CWAY,QADCP,VADCP,70.1,81.6,171,0.41,FIRM,BLDR,EVEN,unkn,EVEN,UNKN,ATGA,,2016-10-04T15:18:30Z,America/New_York
USGS,01589000,573,2016-11-22,12:22,EST,Yes,AMR/PJB,USGS,1.54,44.9,Fair,0,0.9,DebrisModerate,MEAS,1,A,WADE,QSCMM,VADV,44.9,85,123,0.37,FIRM,BLDR,UNEV,unkn,EVEN,UNKN,UPST,300,2016-11-22T17:22:00Z,America/New_York
USGS,01589000,574,2016-12-13,10:14,EST,Yes,PLG/AMR,USGS,1.58,76,Fair,0,0.4,Clear,MEAS,1,a,CWAY,QADCP,VADCP,76,79.3,190,0.4,FIRM,BLDR,UNEV,unkn,EVEN,UNKN,UPST,5,2016-12-13T15:14:51Z,America/New_York
USGS,01589000,575,2017-02-08,10:28,EST,Yes,PLG,USGS,1.55,71.4,Fair,,,DebrisLight,MEAS,1,g,CWAY,QADCP,VADCP,71.4,81.3,115,0.62,FIRM,CBLS,EVEN,unkn,EVEN,UNKN,UPST,100,2017-02-08T15:28:59Z,America/New_York
USGS,01589000,576,2017-04-18,09:50,EST,Yes,AMR/BDM,USGS,1.67,111,Good,0,0.3,Clear,MEAS,1,main,CWAY,QADCP,VADCP,111,92.4,140,0.79,FIRM,BLDR,UNEV,unkn,EVEN,STND,UPST,120,2017-04-18T13:50:03Z,America/New_York
USGS,01589000,577,2017-05-15,11:18,EST,Yes,BDM,USGS,2.06,243,Fair,-0.01,1.4,Clear,MEAS,1,main,WADE,QSCMM,VADV,243,96.3,166,1.47,FIRM,BLDR,UNEV,unkn,EVEN,STND,UPST,200,2017-05-15T15:18:30Z,America/New_York
USGS,01589000,578,2017-05-26,10:01,EST,Yes,AMR/BDM,USGS,2.57,561,Fair,0,0.2,Clear,MEAS,1,a,CWAY,QADCP,VADCP,561,92.1,325,1.73,FIRM,BLDR,EVEN,unkn,EVEN,UNKN,DNST,75,2017-05-26T14:01:19Z,America/New_York
USGS,01589000,579,2017-05-26,10:28,EST,Yes,AMR/BDM,USGS,2.56,539,Fair,0.01,0.2,Clear,MEAS,1,b,CWAY,QADCP,VADCP,539,89.6,318,1.69,FIRM,BLDR,EVEN,unkn,EVEN,UNKN,DNST,75,2017-05-26T14:28:01Z,America/New_York
USGS,01589000,580,2017-06-06,10:49,EST,Yes,AMR/BDM,USGS,1.64,99.1,Fair,0,0.3,DebrisLight,MEAS,1,a,CWAY,QADCP,VADCP,99.1,95.8,138,0.72,FIRM,BLDR,EVEN,unkn,EVEN,UNKN,UPST,200,2017-06-06T14:49:44Z,America/New_York
USGS,01589000,581,2017-06-20,12:44,EST,Yes,BDM/AMR,USGS,1.79,146,Good,,,DebrisModerate,MEAS,1,main,CWAY,QADCP,VADCP,146,88.3,147,0.99,FIRM,BLDR,UNEV,unkn,UNEV,STND,UPST,200,2017-06-20T16:44:40Z,America/New_York
USGS,01589000,582,2017-08-10,12:49,EST,Yes,AMR/BDM,USGS,1.38,45,Good,0,1,DebrisLight,MEAS,1,main,WADE,QSCMM,VADV,45,86,111,0.4,FIRM,BLDR,UNEV,STDY,UNEV,STND,UPST,200,2017-08-10T16:49:30Z,America/New_York
USGS,01589000,583,2017-10-05,13:30,EST,Yes,BDM/AMR/PJB,USGS,1.38,29.9,Fair,0,1.2,DebrisModerate,MEAS,1,a,WADE,QSCMM,VADV,29.9,86,112,0.27,FIRM,BLDR,EVEN,STDY,EVEN,UNKN,UPST,200,2017-10-05T17:30:30Z,America/New_York
USGS,01589000,584,2017-11-03,09:54,EST,Yes,BDM,USGS,1.48,52.4,Fair,0,1.07,DebrisModerate,MEAS,1,main,WADE,QSCMM,VADV,52.4,85.7,117,0.45,FIRM,BLDR,UNEV,STDY,EVEN,STND,UPST,200,2017-11-03T13:54:00Z,America/New_York
USGS,01589000,585,2017-11-03,11:13,EST,Yes,BDM,USGS,1.48,50.6,Fair,0,1.1,DebrisModerate,MEAS,1,main,WADE,QSCMM,VADV,50.6,85.8,117,0.43,FIRM,BLDR,UNEV,STDY,EVEN,STND,UPST,200,2017-11-03T15:13:00Z,America/New_York
USGS,01589000,586,2017-11-08,08:39,EST,Yes,AMR/BDM,USGS,2.11,238,Fair,0.01,0.3,DebrisModerate,MEAS,1,a,CWAY,QADCP,VADCP,238,97.5,176,1.36,FIRM,BLDR,EVEN,STDY,EVEN,STND,UPST,200,2017-11-08T13:39:23Z,America/New_York
USGS,01589000,587,2017-12-05,08:43,EST,Yes,BDM/AMR,USGS,1.48,48.2,Fair,0,0.7,DebrisHeavy,MEAS,1,Main,WADE,QSCMM,VADV,48.2,87,118,0.41,FIRM,BLDR,UNEV,STDY,EVEN,STND,UPST,250,2017-12-05T13:43:30Z,America/New_York
USGS,01589000,588,2018-01-26,10:28,EST,Yes,ASB/AMR,USGS,1.48,65.6,Poor,0.01,0.26,DebrisLight,MEAS,1,a,CWAY,QADCP,VADCP,65.6,70.3,185,0.35,FIRM,BLDR,UNEV,STDY,EVEN,STND,UPST,20,2018-01-26T15:28:40Z,America/New_York
USGS,01589000,589,2018-02-02,09:19,EST,Yes,ASB,USGS,1.5,68.2,Poor,0,1.5,DebrisLight,MEAS,1,a,WADE,QSCMM,VADV,68.2,90,120,0.57,FIRM,BLDR,EVEN,STDY,EVEN,UNFM,UPST,300,2018-02-02T14:19:00Z,America/New_York
USGS,01589000,590,2018-02-20,09:09,EST,Yes,AMR/BDM,USGS,1.75,135,Fair,0,0.3,Clear,MEAS,1,a,CWAY,QADCP,VADCP,135,91.1,144,0.94,FIRM,BLDR,EVEN,STDY,EVEN,STND,UPST,100,2018-02-20T14:09:30Z,America/New_York
USGS,01589000,591,2018-04-09,08:46,EST,Yes,AMR/BDM,USGS,1.64,97.3,Fair,0,0.2,DebrisLight,MEAS,1,a,CWAY,QADCP,VADCP,97.3,89.3,133,0.73,FIRM,BLDR,UNEV,STDY,EVEN,STND,UPST,100,2018-04-09T12:46:37Z,America/New_York
USGS,01589000,592,2018-05-17,14:30,EST,Yes,BDM/AMR,USGS,4.39,2250,Poor,,,Clear,MEAS,1,a,CWAY,QADCP,VADCP,2250,115,586,3.85,FIRM,BLDR,UNEV,STDY,UNEV,UNKN,DNST,30,2018-05-17T18:30:05Z,America/New_York
USGS,01589000,593,2018-05-17,14:54,EST,Yes,BDM/AMR,USGS,4.3,2270,Poor,,,Clear,MEAS,1,b,CWAY,QADCP,VADCP,2270,119,611,3.72,FIRM,BLDR,UNEV,STDY,UNEV,UNKN,DNST,30,2018-05-17T18:54:53Z,America/New_York
USGS,01589000,594,2018-05-31,14:32,EST,Yes,BDM/CMD,USGS,2.27,366,Fair,,,DebrisLight,MEAS,1,Main,CWAY,QADCP,VADCP,366,106,202,1.82,FIRM,CBLS,EVEN,STDY,UNEV,STND,UPST,250,2018-05-31T18:32:55Z,America/New_York
USGS,01589000,595,2018-06-06,10:15,EST,Yes,BDM/WCD,USGS,2.99,896,Fair,,,DebrisLight,MEAS,1,Main,CWAY,QADCP,VADCP,896,123,307,2.92,FIRM,BLDR,EVEN,STDY,EVEN,STND,UPST,200,2018-06-06T14:15:39Z,America/New_York
USGS,01589000,596,2018-06-18,09:06,EST,Yes,BDM/AMR,USGS,2.11,265,Poor,0,0.2,DebrisLight,MEAS,1,a,CWAY,QADCP,VADCP,265,116,195,1.35,FIRM,BLDR,UNEV,STDY,EVEN,STND,UPST,100,2018-06-18T13:06:18Z,America/New_York
USGS,01589000,597,2018-07-06,13:01,EST,Yes,AMR,USGS,1.9,185,Fair,0.2,0.28,Clear,MEAS,1,a,CWAY,QADCP,VADCP,185,91.6,158,1.17,FIRM,BLDR,UNEV,STDY,EVEN,STND,UPST,100,2018-07-06T17:01:33Z,America/New_York
USGS,01589000,598,2018-07-24,13:54,EST,Yes,BDM/AMR,USGS,5.16,3520,Poor,,,Clear,UNSP,1,Main,CWAY,QADCP,VADCP,3540,119,701,5.05,FIRM,BLDR,UNEV,STDY,UNEV,UNKN,DNST,30,2018-07-24T17:54:13Z,America/New_York
USGS,01589000,599,2018-08-20,10:21,EST,Yes,AMR/BDM,USGS,2.28,379,Fair,0,0.2,Clear,MEAS,1,a,CWAY,QADCP,VADCP,379,107,209,1.82,FIRM,BLDR,UNEV,STDY,UNEV,STND,UPST,100,2018-08-20T14:21:55Z,America/New_York
USGS,01589000,600,2018-08-31,11:37,EST,Yes,BDM/AMR,USGS,2.13,287,Poor,-0.01,0.27,DebrisLight,MEAS,1,a,CWAY,QADCP,VADCP,287,115,204,1.41,FIRM,BLDR,UNEV,STDY,EVEN,STND,UPST,100,2018-08-31T15:37:34Z,America/New_York
USGS,01589000,601,2018-09-14,13:25,EST,Yes,AMR/BDM,USGS,2.94,833,Poor,0,0.23,Clear,MEAS,1,a,CWAY,QADCP,VADCP,833,119,315,2.65,FIRM,BLDR,UNEV,STDY,UNEV,STND,UPST,100,2018-09-14T17:25:28Z,America/New_York
USGS,01589000,602,2018-09-28,09:26,EST,Yes,AMR/BDM,USGS,6.69,6280,Poor,-0.03,0.3,Clear,MEAS,1,a,CWAY,QADCP,VADCP,6280,151,1070,5.88,FIRM,BLDR,UNEV,STDY,UNEV,STND,DNST,20,2018-09-28T13:26:56Z,America/New_York
USGS,01589000,603,2018-10-19,08:52,EST,Yes,AMR/BDM,USGS,2.36,397,Fair,0,0.25,DebrisLight,MEAS,1,a,CWAY,QADCP,VADCP,397,119,238,1.67,FIRM,BLDR,UNEV,STDY,EVEN,STND,UPST,150,2018-10-19T12:52:08Z,America/New_York
USGS,01589025,2,2010-10-20,12:32,EST,Yes,JJK,USGS,10.56,74.8,Poor,-0.01,0.8,Clear,UNSP,1,Imported Channel 1,WADE,QSCMM,VADV,74.8,59.5,106,0.71,FIRM,BLDR,UNEV,unkn,UNEV,UNKN,UPST,150,2010-10-20T16:32:00Z,America/New_York
USGS,01589025,3,2010-11-04,15:24,EST,Yes,JJK/KEB,USGS,11.56,302,Poor,0,0.2,DebrisLight,UNSP,1,Imported Channel 1,UNSP,QADCP,VADCP,302,73,350,0.86,UNSP,BLDR,UNEV,unkn,EVEN,UNKN,DNST,25,2010-11-04T19:24:00Z,America/New_York
USGS,01589025,4,2010-12-15,12:33,EST,Yes,MCG/JJK,USGS,10.91,78.6,Fair,0,0.6,Clear,MEAS,1,Imported Channel 1,WADE,QSCMM,VADV,78.6,76.7,41.1,1.87,SOFT,SAND,EVEN,unkn,EVEN,UNFM,UPST,35,2010-12-15T17:33:00Z,America/New_York
USGS,01589025,5,2011-01-07,14:33,EST,Yes,JJK,USGS,11.03,77.4,Fair,0,0.8,Clear,UNSP,1,Imported Channel 1,WADE,QSCMM,VADV,77.4,76.4,37.4,2.07,UNSP,UNSP,UNSP,unkn,UNSP,UNSP,UPST,30,2011-01-07T19:33:30Z,America/New_York
USGS,01589025,6,2011-02-02,14:13,EST,Yes,jjk,USGS,12.06,348,Poor,0.05,0.8,Clear,MEAS,1,main,WADE,QSCMM,VADV,348,79,124,2.81,SOFT,SAND,EVEN,unkn,EVEN,NSTD,UPST,30,2011-02-02T19:13:30Z,America/New_York
USGS,01589025,7,2011-02-25,13:33,EST,Yes,jjk,USGS,12.55,415,Poor,0.03,0.6,Clear,MEAS,1,1,WADE,QSCMM,VADV,415,83.5,144,2.88,SOFT,GRVL,EVEN,unkn,EVEN,UNKN,UPST,5,2011-02-25T18:33:00Z,America/New_York
USGS,01589025,8,2011-03-16,12:30,EST,Yes,jjk,USGS,12.99,393,Fair,0,0.8,Clear,MEAS,1,main,WADE,QSCMM,VADV,393,85.5,136,2.88,SOFT,GRVL,UNEV,unkn,UNEV,UNKN,UPST,20,2011-03-16T16:30:30Z,America/New_York
USGS,01589025,9,2011-04-27,09:57,EST,Yes,SJP,USGS,12.63,304,Fair,-0.01,0.7,Clear,MEAS,1,1,WADE,QSCMM,VADV,304,84.3,105,2.9,SOFT,SAND,EVEN,unkn,EVEN,STND,UPST,70,2011-04-27T13:57:30Z,America/New_York
USGS,01589025,10,2011-05-12,10:52,EST,Yes,JJK/MKM,USGS,11.83,196,Fair,0,0.8,Clear,UNSP,1,Imported Channel 1,WADE,QSCMM,VADV,196,81.7,93.2,2.1,FIRM,GRVL,EVEN,unkn,EVEN,UNFM,UPST,150,2011-05-12T14:52:30Z,America/New_York
USGS,01589025,11,2011-06-17,10:42,EST,Yes,jjk/mkm,USGS,11.23,89.8,Good,0.04,1.1,Clear,MEAS,1,main,WADE,QSCMM,VADV,89.8,44,54,1.66,FIRM,GRVL,EVEN,unkn,EVEN,UNFM,UPST,300,2011-06-17T14:42:00Z,America/New_York
USGS,01589025,12,2011-08-03,14:58,EST,Yes,jjk,USGS,11.17,77.5,Fair,-0.01,0.7,Clear,MEAS,1,main,WADE,QSCMM,VADV,77.5,53.7,48.9,1.58,FIRM,GRVL,EVEN,unkn,EVEN,UNKN,UPST,300,2011-08-03T18:58:00Z,America/New_York
USGS,01589025,13,2011-08-04,14:26,EST,Yes,mkm,USGS,11,56.8,Good,,,Clear,MEAS,1,main,WADE,QSCMM,VADV,56.8,42.8,25.5,2.22,FIRM,GRVL,EVEN,unkn,EVEN,UNFM,UPST,100,2011-08-04T18:26:00Z,America/New_York
USGS,01589025,13S,2011-09-07,14:15,EST,Yes,MM/EB/ED,USGS,25.17,22000,Poor,0,0.2,Unspecifed,MEAS,1,Imported Channel 1,OTHR,QIDIR,,22000,,,,SOFT,SAND,UNEV,unkn,UNSP,UNSP,UPST,140,2011-09-07T18:15:00Z,America/New_York
USGS,01589025,14,2011-10-11,15:32,EST,Yes,mkm,USGS,10.87,95.3,Good,,,Clear,MEAS,1,14,WADE,QSCMM,VADV,95.3,47.9,49.6,1.92,FIRM,SAND,EVEN,unkn,EVEN,UNFM,UPST,350,2011-10-11T19:32:30Z,America/New_York
USGS,01589025,15,2011-12-08,11:15,EST,Yes,mkm,USGS,14.94,2250,Poor,-0.4,0.9,Clear,MEAS,1,main,BRDS,QADCP,VADCP,2250,,625,3.6,SOFT,GRVL,EVEN,unkn,UNSP,UNKN,DNST,50,2011-12-08T16:15:30Z,America/New_York
USGS,01589025,16,2012-02-07,14:01,EST,Yes,mkm,USGS,11.24,199,Good,,,Clear,MEAS,1,main,WADE,QSCMM,VADV,199,59.6,114,1.7,FIRM,GRVL,EVEN,unkn,EVEN,UNFM,UPST,500,2012-02-07T19:01:00Z,America/New_York
USGS,01589025,17,2012-04-04,11:00,EST,Yes,mkm,USGS,10.86,119,Fair,,,Clear,MEAS,1,main,WADE,QSCMM,VADV,119,49.7,78.8,1.51,FIRM,GRVL,EVEN,unkn,EVEN,UNFM,UPST,300,2012-04-04T15:00:00Z,America/New_York
USGS,01589025,18,2012-06-11,10:22,EST,Yes,mkm,USGS,10.62,83.3,Good,,,Clear,MEAS,1,main,WADE,QSCMM,VADV,83.3,50.5,62.8,1.33,FIRM,SAND,EVEN,unkn,EVEN,UNFM,UPST,350,2012-06-11T14:22:30Z,America/New_York
USGS,01589025,19,2012-08-02,12:20,EST,Yes,mkm,USGS,10.41,55.6,Fair,,,Clear,MEAS,1,MAIN,WADE,QSCMM,VADV,55.6,44.3,51.2,1.08,FIRM,GRVL,EVEN,unkn,EVEN,UNFM,UPST,300,2012-08-02T16:20:30Z,America/New_York
USGS,01589025,20,2012-09-14,12:43,EST,Yes,mkm,USGS,10.15,32.9,Fair,0,0.8,Clear,MEAS,1,Main,WADE,QSCMM,VADV,32.9,54.8,43.9,0.75,FIRM,SAND,EVEN,unkn,EVEN,UNFM,UPST,60,2012-09-14T16:43:00Z,America/New_York
USGS,01589025,21,2012-10-09,10:44,EST,Yes,mkm,USGS,10.47,58.8,Fair,0,0.5,DebrisLight,MEAS,1,Main,WADE,QSCMM,VADV,58.8,70.2,65.2,0.9,FIRM,SAND,EVEN,unkn,EVEN,STND,UPST,80,2012-10-09T14:44:00Z,America/New_York
USGS,01589025,22,2012-10-31,12:46,EST,Yes,ELB/SJP,USGS,14.24,1970,Poor,-0.02,0.4,Clear,MEAS,1,1,BRDS,QADCP,VADCP,1970,103,665,2.88,SOFT,GRVL,UNEV,unkn,UNEV,STND,DNST,50,2012-10-31T16:46:41Z,America/New_York
USGS,01589025,23,2012-12-07,13:24,EST,Yes,jjk,USGS,10.65,83.3,Fair,0,0.5,Clear,MEAS,1,m,WADE,QSCMM,VADV,83.3,61,82.2,1.01,FIRM,BLDR,UNEV,unkn,UNEV,UNKN,UPST,200,2012-12-07T18:24:30Z,America/New_York
USGS,01589025,24,2013-02-21,12:34,EST,Yes,JJK,USGS,11.35,241,Good,-0.01,0.8,Clear,MEAS,1,main,WADE,QSCMM,VADV,241,70.9,129,1.87,FIRM,GRVL,EVEN,unkn,EVEN,UNFM,UPST,200,2013-02-21T17:34:30Z,America/New_York
USGS,01589025,25,2013-04-11,11:09,EST,Yes,JJK,USGS,11.1,182,Good,0,0.3,Clear,MEAS,1,main,CWAY,QADCP,VADCP,182,81.8,150,1.21,FIRM,BLDR,UNEV,unkn,EVEN,STND,DNST,100,2013-04-11T15:09:31Z,America/New_York
USGS,01589025,26,2013-06-20,08:12,EST,Yes,JJK,USGS,11.28,255,Good,0,0.3,Clear,MEAS,1,main,CWAY,QADCP,VADCP,255,84.5,204,1.24,FIRM,BLDR,EVEN,unkn,EVEN,STND,DNST,100,2013-06-20T12:12:42Z,America/New_York
USGS,01589025,27,2013-08-08,10:05,EST,Yes,JKMGEB,USGS,14.4,1890,Poor,-0.2,0.2,Clear,MEAS,1,all,BRDS,QADCP,VADCP,1890,112,548,3.44,FIRM,BLDR,UNEV,unkn,UNEV,UNKN,DNST,75,2013-08-08T14:05:32Z,America/New_York
USGS,01589025,28,2013-08-13,13:20,EST,Yes,JJK,USGS,10.81,125,Fair,0,0.3,Clear,MEAS,1,all,BRDS,QADCP,VADCP,125,66.2,181,0.69,FIRM,BLDR,UNEV,unkn,EVEN,NSTD,DNST,100,2013-08-13T17:20:00Z,America/New_York
USGS,01589025,29,2013-09-10,08:56,EST,Yes,JJK,USGS,10.27,49.4,Good,0,0.8,Clear,MEAS,1,all,CWAY,QADCP,VADCP,49.4,51.8,118,0.42,FIRM,BLDR,UNEV,unkn,EVEN,NSTD,DNST,75,2013-09-10T12:56:51Z,America/New_York
USGS,01589025,30,2013-09-17,10:48,EST,Yes,JJK,USGS,10.25,43.7,Good,0,0.3,Clear,MEAS,1,all,CWAY,QADCP,VADCP,43.7,50,116,0.38,FIRM,BLDR,UNEV,unkn,EVEN,NSTD,DNST,70,2013-09-17T14:48:57Z,America/New_York
USGS,01589025,31,2013-10-29,13:34,EST,Yes,JJK,USGS,10.57,75.8,Poor,0,0.6,DebrisLight,MEAS,1,all,CWAY,QADCP,VADCP,75.8,76.3,123,0.62,FIRM,BLDR,UNEV,unkn,EVEN,NSTD,DNST,60,2013-10-29T17:34:48Z,America/New_York
USGS,01589025,32,2013-12-05,10:54,EST,Yes,jjk/sjp,USGS,10.63,87.4,Fair,0,0.3,Clear,MEAS,1,1,CWAY,QADCP,VADCP,87.4,72.1,131,0.67,FIRM,SAND,EVEN,unkn,EVEN,NSTD,DNST,100,2013-12-05T15:54:24Z,America/New_York
USGS,01589025,33,2014-01-17,14:40,EST,Yes,JJK,USGS,11.62,366,Fair,0,0.3,Clear,MEAS,1,all,BRDS,QADCP,VADCP,366,95.8,292,1.25,FIRM,BLDR,UNEV,unkn,EVEN,NSTD,DNST,75,2014-01-17T19:40:30Z,America/New_York
USGS,01589025,34,2014-02-18,14:17,EST,Yes,JJK/HK,USGS,11.42,267,Good,0,0.3,Clear,MEAS,1,all,CWAY,QADCP,VADCP,267,77.6,201,1.33,FIRM,BLDR,UNEV,unkn,EVEN,UNKN,UPST,60,2014-02-18T19:17:50Z,America/New_York
USGS,01589025,35,2014-04-08,13:24,EST,Yes,JJK/HK,USGS,12.33,653,Good,0.02,0.2,Clear,MEAS,1,all,CWAY,QADCP,VADCP,653,82.6,314,2.08,FIRM,BLDR,UNEV,unkn,EVEN,NSTD,UPST,50,2014-04-08T17:24:51Z,America/New_York
USGS,01589025,36,2014-06-20,14:03,EST,Yes,JJK/APG,USGS,12,506,Good,-0.01,0.3,Clear,MEAS,1,all,CWAY,QADCP,VADCP,506,85,247,2.04,FIRM,BLDR,UNEV,unkn,EVEN,NSTD,UPST,50,2014-06-20T18:03:29Z,America/New_York
USGS,01589025,37,2014-08-22,09:54,EST,Yes,JJK/APG,USGS,10.59,85.2,Fair,0,0.4,Clear,MEAS,1,a,CWAY,QADCP,VADCP,85.2,67,116,0.73,FIRM,GRVL,UNEV,unkn,EVEN,NSTD,UPST,50,2014-08-22T13:54:15Z,America/New_York
USGS,01589025,38,2014-10-20,10:41,EST,Yes,JJK/APG,USGS,10.56,66.2,Fair,0,0.4,DebrisModerate,MEAS,1,main,CWAY,QADCP,VADCP,66.2,54.6,93.2,0.71,FIRM,BLDR,UNEV,unkn,UNEV,UNKN,UPST,50,2014-10-20T14:41:18Z,America/New_York
USGS,01589025,39,2014-10-31,09:05,EST,Yes,JJK,USGS,10.54,68.4,Poor,0,0.8,DebrisModerate,MEAS,1,all,WADE,QSCMM,VADV,68.4,50,96.6,0.71,FIRM,BLDR,UNEV,unkn,EVEN,NSTD,UPST,200,2014-10-31T13:05:00Z,America/New_York
USGS,01589025,40,2014-12-30,12:46,EST,Yes,ELB,USGS,11.25,203,Good,0,0.3,DebrisLight,MEAS,1,1,CWAY,QADCP,VADCP,203,66.8,180,1.13,SOFT,SAND,EVEN,unkn,EVEN,STND,UPST,300,2014-12-30T17:46:38Z,America/New_York
USGS,01589025,41,2015-02-11,14:07,EST,Yes,ELB/NJP,USGS,10.95,145,Good,0,0.3,DebrisModerate,MEAS,1,1,CWAY,QADCP,VADCP,145,70.9,168,0.86,SOFT,SAND,EVEN,unkn,EVEN,UNFM,UPST,300,2015-02-11T19:07:33Z,America/New_York
USGS,01589025,42,2015-03-12,09:46,EST,Yes,ELB/SJP,USGS,14.7,2480,Poor,-0.04,0.2,Clear,MEAS,1,1,BRDS,QADCP,VADCP,2480,103,572,4.33,FIRM,GRVL,UNEV,unkn,UNEV,NSTD,DNST,80,2015-03-12T13:46:02Z,America/New_York
USGS,01589025,43,2015-04-14,11:59,EST,Yes,ELB,USGS,11.07,192,Good,0,0.3,Clear,MEAS,1,1,CWAY,QADCP,VADCP,192,65.4,184,1.05,FIRM,GRVL,EVEN,unkn,EVEN,UNFM,UPST,300,2015-04-14T15:59:57Z,America/New_York
USGS,01589025,44,2015-06-15,10:27,EST,Yes,ELB,USGS,10.82,133,Good,0,0.3,Clear,MEAS,1,1,CWAY,QADCP,VADCP,133,68.8,159,0.84,FIRM,GRVL,EVEN,unkn,EVEN,UNKN,UPST,300,2015-06-15T14:27:23Z,America/New_York
USGS,01589025,45,2015-08-05,10:49,EST,Yes,ELB,USGS,10.52,78.2,Good,0,0.3,Clear,MEAS,1,1,CWAY,QADCP,VADCP,78.2,61.6,155,0.5,FIRM,CBLS,EVEN,unkn,EVEN,UNFM,UPST,300,2015-08-05T14:49:45Z,America/New_York
USGS,01589025,46,2015-08-31,10:39,EST,Yes,ELB/JEK,USGS,10.28,44.5,Fair,0,2,Clear,MEAS,1,1,WADE,QSCMM,VADV,44.5,61.5,139,0.32,FIRM,BLDR,EVEN,unkn,EVEN,NSTD,UPST,300,2015-08-31T14:39:00Z,America/New_York
USGS,01589025,47,2015-10-05,09:57,EST,Yes,ELB,USGS,11.12,197,Good,-0.01,0.3,Clear,MEAS,1,1,CWAY,QADCP,VADCP,197,65.5,196,1,FIRM,GRVL,EVEN,unkn,EVEN,UNKN,UPST,300,2015-10-05T13:57:05Z,America/New_York
USGS,01589025,48,2015-11-06,10:51,EST,Yes,MCG/RMJ,USGS,10.6,87.5,Fair,0,0.4,Clear,MEAS,1,main,CWAY,QADCP,VADCP,87.5,56.1,134,0.65,SOFT,SAND,EVEN,unkn,EVEN,STND,UPST,300,2015-11-06T15:51:00Z,America/New_York
USGS,01589025,49,2015-12-04,10:35,EST,Yes,ELB,USGS,11.24,219,Good,0,0.3,Clear,MEAS,1,1,CWAY,QADCP,VADCP,219,66.3,208,1.05,FIRM,GRVL,EVEN,unkn,EVEN,UNFM,UPST,300,2015-12-04T15:35:26Z,America/New_York
USGS,01589025,50,2016-02-04,14:00,EST,Yes,ELB/PLG,USGS,15.29,3010,Poor,-0.03,0.4,Clear,MEAS,1,a,BRDS,QADCP,VADCP,3010,120,734,4.1,FIRM,BLDR,EVEN,unkn,UNEV,UNKN,DNST,50,2016-02-04T19:00:17Z,America/New_York
USGS,01589025,51,2016-04-19,11:20,EST,Yes,ELB,USGS,11.15,201,Good,0.01,0.5,Clear,MEAS,1,Main,CWAY,QADCP,VADCP,201,63.5,199,1.01,FIRM,BLDR,UNEV,unkn,EVEN,UNKN,UPST,300,2016-04-19T15:20:37Z,America/New_York
USGS,01589025,52,2016-06-13,14:53,EST,Yes,ELB,USGS,10.59,91.4,Good,,,Clear,MEAS,1,1,CWAY,QADCP,VADCP,91.4,65.5,163,0.56,FIRM,CBLS,EVEN,unkn,EVEN,UNKN,UPST,300,2016-06-13T18:53:58Z,America/New_York
USGS,01589025,53,2016-08-25,14:38,EST,Yes,ELB/BDM,USGS,10.54,66.9,Fair,0,0.2,Clear,MEAS,1,1,CWAY,QADCP,VADCP,66.9,59.5,162,0.41,FIRM,BLDR,EVEN,unkn,EVEN,UNKN,UPST,300,2016-08-25T18:38:07Z,America/New_York
USGS,01589025,54,2016-08-29,10:07,EST,Yes,ELB,USGS,10.47,58,Fair,0,0.3,Clear,MEAS,1,1,CWAY,QADCP,VADCP,58,62.3,160,0.36,FIRM,BLDR,EVEN,unkn,EVEN,UNKN,UPST,300,2016-08-29T14:07:47Z,America/New_York
USGS,01589025,55,2016-10-04,09:16,EST,Yes,ELB/AMR,USGS,10.66,78,Fair,0,0.4,Clear,MEAS,1,a,CWAY,QADCP,VADCP,78,62.2,168,0.46,FIRM,BLDR,UNEV,unkn,EVEN,UNKN,UPST,300,2016-10-04T13:16:35Z,America/New_York
USGS,01589025,56,2016-12-07,14:04,EST,Yes,ELB/AMR,USGS,11.48,244,Fair,0.01,0.3,Clear,MEAS,1,a,CWAY,QADCP,VADCP,244,78.6,283,0.86,FIRM,BLDR,EVEN,unkn,EVEN,UNKN,DNST,150,2016-12-07T19:04:59Z,America/New_York
USGS,01589025,57,2017-02-06,10:22,EST,Yes,AMR/BDM,USGS,10.71,79.3,Fair,0,0.5,Clear,MEAS,1,main,CWAY,QADCP,VADCP,79.3,77.5,227,0.35,FIRM,BLDR,UNEV,unkn,UNEV,STND,DNST,150,2017-02-06T15:22:58Z,America/New_York
USGS,01589025,58,2017-04-18,12:06,EST,Yes,AMR/BDM,USGS,10.91,119,Fair,0.01,0.3,DebrisLight,MEAS,1,main,CWAY,QADCP,VADCP,119,79.8,259,0.46,FIRM,BLDR,UNEV,unkn,UNEV,STND,DNST,100,2017-04-18T16:06:47Z,America/New_York
USGS,01589025,59,2017-06-21,12:41,EST,Yes,BDM/AMR,USGS,10.73,89.9,Fair,-0.01,0.3,DebrisLight,MEAS,1,main,CWAY,QADCP,VADCP,89.9,78.1,240,0.37,FIRM,BLDR,UNEV,unkn,UNEV,STND,DNST,100,2017-06-21T16:41:53Z,America/New_York
USGS,01589025,60,2017-07-31,14:01,EST,Yes,AMR/BDM,USGS,10.61,73.8,Fair,0,0.5,DebrisLight,MEAS,1,a,CWAY,QADCP,VADCP,73.8,79.8,241,0.31,FIRM,BLDR,EVEN,unkn,EVEN,UNKN,DNST,150,2017-07-31T18:01:09Z,America/New_York
USGS,01589025,61,2017-10-04,10:15,EST,Yes,AMR/BDM/PJB,USGS,10.31,37.6,Fair,0,0.3,DebrisModerate,MEAS,1,a,CWAY,QADCP,VADCP,37.6,84.7,232,0.16,FIRM,BLDR,EVEN,STDY,EVEN,UNKN,DNST,100,2017-10-04T14:15:05Z,America/New_York
USGS,01589025,62,2017-10-12,10:34,EST,Yes,BDM,USGS,12.29,157,Fair,,,Clear,MEAS,1,main,CWAY,QADCP,VADCP,157,79.1,363,0.43,FIRM,BLDR,UNEV,STDY,EVEN,STND,DNST,100,2017-10-12T14:34:33Z,America/New_York
USGS,01589025,63,2017-10-12,11:24,EST,Yes,BDM,USGS,12.25,150,Fair,,,Clear,MEAS,1,mainB,CWAY,QADCP,VADCP,150,78.1,355,0.42,FIRM,BLDR,UNEV,STDY,EVEN,STND,DNST,100,2017-10-12T15:24:05Z,America/New_York
USGS,01589025,64,2017-10-13,11:31,EST,Yes,AMR/ELW,USGS,12,77.6,Fair,0.02,0.5,Clear,MEAS,1,a,CWAY,QADCP,VADCP,77.6,79.8,341,0.23,FIRM,BLDR,EVEN,STDY,EVEN,STND,DNST,100,2017-10-13T15:31:56Z,America/New_York
USGS,01589025,65,2017-10-23,11:17,EST,Yes,BDM,USGS,11.44,39.7,Poor,-0.01,1.07,DebrisLight,MEAS,1,main,CWAY,QADCP,VADCP,39.7,75.5,275,0.14,FIRM,BLDR,UNEV,STDY,EVEN,UNKN,DNST,100,2017-10-23T15:17:20Z,America/New_York
USGS,01589025,66,2017-10-25,11:48,EST,Yes,AMR/BDM,USGS,11.66,48.2,Fair,0.01,0.25,,MEAS,1,a,CWAY,QADCP,VADCP,48.2,55.9,150,0.32,FIRM,BLDR,EVEN,STDY,EVEN,UNKN,UPST,800,2017-10-25T15:48:40Z,America/New_York
USGS,01589025,67,2017-10-30,10:31,EST,Yes,CWN/BDM,USGS,12.52,192,Poor,0.03,0.3,DebrisModerate,MEAS,1,main1,CWAY,QADCP,VADCP,192,81.3,330,0.58,FIRM,BLDR,UNEV,STDY,EVEN,STND,UPST,60,2017-10-30T14:31:36Z,America/New_York
USGS,01589025,68,2017-10-30,12:11,EST,Yes,CWN/BDM,USGS,12.52,188,Poor,0.01,0.3,DebrisModerate,MEAS,1,main2,CWAY,QADCP,VADCP,188,81.6,330,0.57,FIRM,BLDR,UNEV,STDY,EVEN,STND,UPST,50,2017-10-30T16:11:10Z,America/New_York
USGS,01589025,69,2017-11-03,14:01,EST,Yes,BDM,USGS,11.69,59.6,Fair,,,DebrisModerate,MEAS,1,main1,CWAY,QADCP,VADCP,59.6,55.5,151,0.39,FIRM,CBLS,UNEV,STDY,EVEN,STND,UPST,800,2017-11-03T18:01:44Z,America/New_York
USGS,01589025,70,2017-11-08,10:27,EST,Yes,AMR/BDM,USGS,12.63,241,Fair,0.01,0.2,DebrisLight,MEAS,1,a,CWAY,QADCP,VADCP,241,82,340,0.71,FIRM,BLDR,EVEN,STDY,EVEN,STND,UPST,40,2017-11-08T15:27:22Z,America/New_York
USGS,01589025,71,2017-12-05,11:29,EST,Yes,AMR/BDM,USGS,10.47,53.7,Fair,0,1.15,DebrisLight,MEAS,1,Main,WADE,QSCMM,VADV,53.7,58.7,90.3,0.59,FIRM,SAND,EVEN,STDY,UNEV,STND,UPST,800,2017-12-05T16:29:30Z,America/New_York
USGS,01589025,72,2018-01-26,12:27,EST,Yes,ASB/AMR,USGS,10.61,69.6,Fair,0,0.4,Clear,MEAS,1,a,CWAY,QADCP,VADCP,69.6,78,222,0.31,FIRM,BLDR,EVEN,STDY,EVEN,UNFM,DNST,90,2018-01-26T17:27:44Z,America/New_York
USGS,01589025,73,2018-02-20,11:53,EST,Yes,AMR/BDM,USGS,11.01,136,Poor,,,Clear,MEAS,1,main,CWAY,QADCP,VADCP,136,76.3,244,0.56,FIRM,BLDR,UNEV,STDY,UNEV,STND,DNST,100,2018-02-20T16:53:13Z,America/New_York
USGS,01589025,74,2018-02-28,12:31,EST,Yes,AMR/BDM,USGS,10.99,144,Good,-0.02,0.24,Clear,MEAS,1,a,CWAY,QADCP,VADCP,144,51.7,120,1.2,FIRM,SAND,UNEV,STDY,UNEV,STND,UPST,800,2018-02-28T17:31:14Z,America/New_York
USGS,01589025,75,2018-04-09,10:42,EST,Yes,AMR/BDM,USGS,10.79,100,Fair,-0.01,0.25,DebrisLight,MEAS,1,a,CWAY,QADCP,VADCP,100,53,104,0.97,FIRM,SAND,UNEV,STDY,EVEN,STND,UPST,600,2018-04-09T14:42:17Z,America/New_York
USGS,01589025,76,2018-04-16,13:33,EST,Yes,AMR/ASB,USGS,16.21,2380,Poor,-0.28,0.3,Clear,MEAS,1,1,BRDS,QADCP,VADCP,2380,106,651,3.65,UNSP,UNSP,UNSP,UNSP,UNEV,UNSP,DNST,80,2018-04-16T17:33:39Z,America/New_York
USGS,01589025,77,2018-05-17,17:16,EST,Yes,BDM/AMR,USGS,15.63,2150,Poor,,,Clear,MEAS,1,a,BRDS,QADCP,VADCP,2150,118,872,2.46,FIRM,BLDR,UNEV,STDY,EVEN,UNKN,DNST,30,2018-05-17T21:16:26Z,America/New_York
USGS,01589025,78,2018-05-17,18:02,EST,Yes,BDM/AMR,USGS,15.44,2110,Poor,,,Clear,MEAS,1,b,BRDS,QADCP,VADCP,2110,116,866,2.43,FIRM,BLDR,UNEV,STDY,UNEV,UNKN,DNST,30,2018-05-17T22:02:08Z,America/New_York
USGS,01589025,79,2018-05-22,09:52,EST,Yes,BDM/WCD,USGS,12.39,593,Fair,0.01,0.3,DebrisLight,MEAS,1,Main,CWAY,QADCP,VADCP,593,85.6,271,2.19,FIRM,BLDR,UNEV,STDY,UNEV,NSTD,UPST,50,2018-05-22T13:52:43Z,America/New_York
USGS,01589025,80,2018-05-22,10:45,EST,Yes,BDM/WCD,USGS,12.37,595,Poor,0.01,0.4,DebrisLight,MEAS,1,Main2,CWAY,QADCP,VADCP,595,81.6,254,2.35,FIRM,BLDR,UNEV,STDY,UNEV,NSTD,UPST,50,2018-05-22T14:45:37Z,America/New_York
USGS,01589025,81,2018-05-30,12:34,EST,Yes,BDM/CMD,USGS,12.83,470,Fair,,,DebrisLight,MEAS,1,Main,CWAY,QADCP,VADCP,470,80.8,342,1.37,FIRM,BLDR,UNEV,STDY,EVEN,NSTD,UPST,45,2018-05-30T16:34:06Z,America/New_York
USGS,01589025,82,2018-06-04,10:06,EST,Yes,CMD/BDM,USGS,15.81,2890,Poor,,,DebrisLight,MEAS,1,main,CWAY,QADCP,VADCP,2890,117,840,3.44,FIRM,BLDR,UNEV,STDY,UNEV,NSTD,UPST,15,2018-06-04T14:06:36Z,America/New_York
USGS,01589025,83,2018-06-06,13:58,EST,Yes,BDM/WCD,USGS,13.64,924,Fair,,,Clear,MEAS,1,Main,CWAY,QADCP,VADCP,924,88.1,417,2.22,FIRM,BLDR,UNEV,STDY,UNEV,UNKN,UPST,40,2018-06-06T17:58:42Z,America/New_York
USGS,01589025,84,2018-06-13,08:53,EST,Yes,AMR/BDM,USGS,13.17,645,Fair,,,Unspecifed,MEAS,1,main,CWAY,QADCP,VADCP,645,62.1,225,2.87,FIRM,BLDR,UNEV,STDY,UNEV,UNKN,UPST,500,2018-06-13T12:53:46Z,America/New_York
USGS,01589025,85,2018-06-20,12:25,EST,Yes,CMD/BDM,USGS,13.21,274,Fair,,,Clear,MEAS,1,Main,CWAY,QADCP,VADCP,274,59.5,200,1.37,FIRM,SAND,UNEV,STDY,EVEN,STND,UPST,600,2018-06-20T16:25:40Z,America/New_York
USGS,01589025,86,2018-06-27,10:29,EST,Yes,BDM,USGS,11.63,306,Fair,0,0.42,Clear,MEAS,1,Main,CWAY,QADCP,VADCP,306,64,142,2.16,SOFT,SAND,UNEV,STDY,UNEV,STND,UPST,600,2018-06-27T14:29:14Z,America/New_York
USGS,01589025,87,2018-07-05,14:03,EST,Yes,AMR/BDM,USGS,11.2,178,Fair,0.01,0.3,Clear,MEAS,1,a,CWAY,QADCP,VADCP,178,52.1,97.9,1.82,SOFT,SAND,EVEN,STDY,UNEV,STND,UPST,800,2018-07-05T18:03:57Z,America/New_York
USGS,01589025,88,2018-07-22,10:59,EST,Yes,AMR/BDM,USGS,18.07,3510,Poor,-0.17,0.3,Clear,OTHR,1,a,CWAY,QADCP,VADCP,4030,157,1320,3.05,FIRM,BLDR,UNEV,STDY,UNEV,UNKN,DNST,20,2018-07-22T14:59:19Z,America/New_York
USGS,01589025,89,2018-08-31,09:03,EST,Yes,BDM/AMR,USGS,12.11,300,Fair,-0.01,0.22,Clear,MEAS,1,a,CWAY,QADCP,VADCP,300,70.9,150,2,SOFT,GRVL,UNEV,STDY,UNEV,STND,DNST,80,2018-08-31T13:03:02Z,America/New_York
USGS,01589025,90,2018-09-17,09:01,EST,Yes,AMR/BDM,USGS,13.26,595,Fair,-0.02,0.25,Clear,MEAS,1,Main,CWAY,QADCP,VADCP,595,88.1,301,1.98,FIRM,SAND,UNEV,STDY,UNEV,UNKN,UPST,40,2018-09-17T13:01:26Z,America/New_York
USGS,01589025,91,2018-09-21,09:38,EST,Yes,SMM/BDM,USGS,14.27,572,Fair,0,0.23,Clear,MEAS,1,Main,CWAY,QADCP,VADCP,572,92.2,393,1.46,SOFT,SAND,UNEV,STDY,UNEV,STND,UPST,40,2018-09-21T13:38:53Z,America/New_York
USGS,01589025,92,2018-10-01,09:24,EST,Yes,BDM/AMR,USGS,13.61,1050,Fair,0,0.3,Clear,MEAS,1,Main,CWAY,QADCP,VADCP,1050,84.9,391,2.7,FIRM,SAND,UNEV,STDY,UNEV,UNKN,UPST,25,2018-10-01T13:24:47Z,America/New_York
USGS,01589025,93,2018-10-19,12:47,EST,Yes,BDM/AMR,USGS,11.99,430,Fair,0,0.23,DebrisLight,MEAS,1,a,CWAY,QADCP,VADCP,430,89.1,241,1.78,FIRM,BLDR,UNEV,STDY,EVEN,STND,DNST,100,2018-10-19T16:47:08Z,America/New_York
USGS,01589025,94,2018-11-03,15:09,EST,Yes,BDM/AMR,USGS,13.27,1120,Fair,-0.04,0.4,Clear,MEAS,1,Main,CWAY,QADCP,VADCP,1120,86.6,339,3.32,FIRM,SAND,UNEV,STDY,UNEV,NSTD,UPST,40,2018-11-03T19:09:50Z,America/New_York
USGS,01589025,95,2018-11-09,09:09,EST,Yes,BDM/AMR,USGS,12.63,727,Fair,0,0.25,DebrisLight,MEAS,1,a,CWAY,QADCP,VADCP,727,82.4,288,2.52,FIRM,BLDR,UNEV,STDY,EVEN,STND,UPST,50,2018-11-09T14:09:49Z,America/New_York
USGS,01589035,1,2010-10-20,14:16,EST,Yes,JJK,USGS,5.08,78,Fair,0,0.8,Clear,UNSP,1,Imported Channel 1,WADE,QSCMM,VADV,78,86.5,168,0.46,SOFT,SAND,UNSP,unkn,UNEV,UNKN,DNST,10,2010-10-20T18:16:00Z,America/New_York
USGS,01589035,2,2010-12-13,13:13,EST,Yes,SJP,USGS,5.54,182,Good,-0.01,0.8,Clear,MEAS,1,1,WADE,QSCMM,VADV,182,81.7,131,1.39,FIRM,GRVL,EVEN,unkn,UNEV,STND,DNST,200,2010-12-13T18:13:30Z,America/New_York
USGS,01589035,3,2011-02-02,11:56,EST,No,,,,,,,,,,,,,,,,,,,,,,,,,,,2011-02-02T16:56:30Z,America/New_York
USGS,01589035,4,2011-03-07,10:33,EST,Yes,SJP/JJK,USGS,7.29,883,Fair,-0.04,0.2,Clear,UNSP,1,Imported Channel 1,BRDS,QADCP,VADCP,883,97.7,366,2.38,FIRM,GRVL,EVEN,unkn,EVEN,UNFM,DNST,50,2011-03-07T15:33:00Z,America/New_York
USGS,01589035,5,2011-03-07,11:15,EST,Yes,JJK/SJP,USGS,7.17,833,Fair,-0.03,0.3,Clear,UNSP,1,Imported Channel 1,BRDS,QADCP,VADCP,833,96.8,366,2.27,FIRM,GRVL,EVEN,unkn,EVEN,UNFM,DNST,50,2011-03-07T16:15:30Z,America/New_York
USGS,01589035,6,2011-03-16,09:11,EST,Yes,JJK/ELB,USGS,6.36,487,Good,-0.02,0.3,Clear,UNSP,1,Imported Channel 1,BRDS,QADCP,VADCP,487,96.4,317,1.51,FIRM,GRVL,EVEN,unkn,EVEN,UNFM,DNST,50,2011-03-16T13:11:30Z,America/New_York
USGS,01589035,7,2011-03-24,09:17,EST,Yes,SJP,USGS,6.34,471,Good,0,0.2,Clear,UNSP,1,Channel 1,BRDS,QADCP,VADCP,471,84.9,290,1.62,UNSP,UNSP,UNSP,unkn,UNSP,UNSP,UNSP,,2011-03-24T13:17:00Z,America/New_York
USGS,01589035,8,2011-04-15,11:27,EST,Yes,SJP,USGS,6.42,506,Good,,,Clear,MEAS,1,1,BRDS,QADCP,VADCP,506,100,300,1.64,FIRM,BLDR,EVEN,unkn,EVEN,STND,DNST,60,2011-04-15T15:27:00Z,America/New_York
USGS,01589035,9,2011-05-18,13:44,EST,Yes,jjk/dah,USGS,6.15,392,Good,0,0.4,Clear,MEAS,1,main,BRDS,QADCP,VADCP,392,95.6,291,1.38,UNSP,UNSP,EVEN,unkn,EVEN,UNFM,DNST,75,2011-05-18T17:44:30Z,America/New_York
USGS,01589035,10,2011-06-16,14:46,EST,Yes,jjk/mkm,USGS,5,70.1,Fair,,,Clear,MEAS,1,main,WADE,QSCMM,VADV,70.1,78.5,93,0.75,FIRM,BLDR,EVEN,unkn,EVEN,UNFM,DNST,100,2011-06-16T18:46:00Z,America/New_York
USGS,01589035,11,2011-08-04,11:12,EST,Yes,mkm/jjk,USGS,4.93,60,Good,0.01,1.5,Clear,MEAS,1,main,WADE,QSCMM,VADV,60,72.7,83.7,0.72,FIRM,BLDR,EVEN,unkn,EVEN,UNFM,DNST,250,2011-08-04T15:12:30Z,America/New_York
USGS,01589035,12,2011-08-28,12:03,EST,Yes,mcg,USGS,7.78,1250,Poor,-0.2,1,Clear,MEAS,1,main,BRDS,QADCP,VADCP,1250,117,542,2.16,SOFT,SAND,UNEV,unkn,EVEN,STND,DNST,75,2011-08-28T16:03:30Z,America/New_York
USGS,01589035,13C,2011-09-07,14:50,EST,Yes,JJK/SJP,USGS,21.66,23500,Poor,0,0.2,Clear,MEAS,1,Imported Channel 1,OTHR,QIDIR,,23500,,,,SOFT,GRVL,EVEN,unkn,UNSP,UNSP,ATGA,,2011-09-07T18:50:00Z,America/New_York
USGS,01589035,13,2011-09-09,09:00,EST,Yes,MCG/ELB,USGS,9.94,2660,Poor,-0.11,0.5,Unspecifed,UNSP,1,Imported Channel 1,BRDS,QADCP,VADCP,2660,113,706,3.43,FIRM,GRVL,EVEN,unkn,EVEN,UNFM,DNST,100,2011-09-09T13:00:00Z,America/New_York
USGS,01589035,14,2011-09-23,15:34,EST,Yes,jjk/sjp,USGS,7.04,686,Fair,-0.02,0.3,Unspecifed,MEAS,1,main,BRDS,QSCMM,VADCP,686,93,307,2.24,UNSP,UNSP,UNSP,unkn,UNSP,UNSP,UNSP,,2011-09-23T19:34:00Z,America/New_York
USGS,01589035,15,2011-10-12,13:59,EST,Yes,mkm,USGS,5.28,99,Fair,,,Clear,MEAS,1,15,WADE,QSCMM,VADV,99,74.4,98.8,1,FIRM,GRVL,EVEN,unkn,EVEN,UNFM,DNST,100,2011-10-12T17:59:30Z,America/New_York
USGS,01589035,16,2011-11-30,12:57,EST,Yes,jjk,USGS,6.88,555,Good,-0.01,0.3,Clear,MEAS,1,main,BRDS,QADCP,VADCP,555,105,279,1.87,SOFT,GRVL,UNEV,unkn,EVEN,UNKN,DNST,100,2011-11-30T17:57:32Z,America/New_York
USGS,01589035,17,2011-12-20,12:36,EST,Yes,mkm,USGS,6,243,Fair,0,1.1,Clear,MEAS,1,fff,BRDS,QADCP,VADCP,243,101,150,1.76,SOFT,SAND,EVEN,unkn,EVEN,UNFM,DNST,75,2011-12-20T17:36:30Z,America/New_York
USGS,01589035,18,2012-02-06,11:13,EST,Yes,mkm,USGS,6,227,Good,,,Clear,MEAS,1,main,WADE,QSCMM,VADV,227,78.7,118,1.92,SOFT,SAND,EVEN,unkn,EVEN,UNFM,DNST,200,2012-02-06T16:13:00Z,America/New_York
USGS,01589035,19,2012-04-04,14:07,EST,Yes,mkm,USGS,5.61,144,Fair,,,Clear,MEAS,1,main,WADE,QSCMM,VADV,144,75.6,84,1.72,FIRM,SAND,EVEN,unkn,EVEN,UNFM,DNST,200,2012-04-04T18:07:30Z,America/New_York
USGS,01589035,20,2012-06-11,14:07,EST,Yes,mkm,USGS,5.38,93.7,Fair,0,1.3,Clear,MEAS,1,main,WADE,QSCMM,VADV,93.7,69.5,67.4,1.4,FIRM,SAND,EVEN,unkn,EVEN,UNFM,DNST,200,2012-06-11T18:07:30Z,America/New_York
USGS,01589035,21,2012-07-20,14:43,EST,Yes,ELB/EHM,USGS,6.59,358,Fair,-0.07,0.3,Unspecifed,MEAS,1,1,BRDS,QADCP,VADCP,358,94.9,166,2.09,SOFT,SAND,EVEN,unkn,EVEN,UNKN,DNST,50,2012-07-20T18:43:30Z,America/New_York
USGS,01589035,22,2012-07-27,12:21,EST,Yes,mkm,USGS,5.47,112,Fair,0.01,1,,MEAS,1,main,WADE,QSCMM,VADV,112,72.4,74.7,1.49,SOFT,SAND,EVEN,unkn,EVEN,UNFM,DNST,200,2012-07-27T16:21:30Z,America/New_York
USGS,01589035,23,2012-08-02,13:51,EST,Yes,mkm,USGS,5.14,61,Fair,5.14,,Clear,MEAS,1,main,WADE,QSCMM,VADV,61,66.9,49.2,1.24,SOFT,SAND,EVEN,unkn,EVEN,UNFM,DNST,200,2012-08-02T17:51:30Z,America/New_York
USGS,01589035,24,2012-09-14,14:22,EST,Yes,mkm,USGS,4.96,36.2,Fair,0,0.5,Clear,MEAS,1,Main,WADE,QSCMM,VADV,36.2,57.1,37.5,0.96,FIRM,SAND,EVEN,unkn,EVEN,UNFM,DNST,150,2012-09-14T18:22:30Z,America/New_York
USGS,01589035,25,2012-10-09,12:09,EST,Yes,mkm,USGS,5.2,63.6,Fair,0,0.7,DebrisLight,MEAS,1,Main,WADE,QSCMM,VADV,63.6,67,53.9,1.18,FIRM,SAND,EVEN,unkn,EVEN,STND,DNST,150,2012-10-09T16:09:00Z,America/New_York
USGS,01589035,26,2012-10-30,11:34,EST,Yes,JKEBSP,USGS,14.39,5690,Poor,-0.28,0.4,Clear,MEAS,1,1,BRDS,QADCP,VADCP,5690,174,1430,3.39,SOFT,SAND,UNEV,unkn,EVEN,UNSP,DNST,40,2012-10-30T15:34:43Z,America/New_York
USGS,01589035,27,2012-10-31,14:27,EST,Yes,jjk/mcg,USGS,9.73,1840,Poor,-0.03,0.5,,MEAS,1,main,BRDS,QADCP,VADCP,1840,144,715,2.46,SOFT,SAND,UNEV,unkn,EVEN,STND,DNST,75,2012-10-31T18:27:00Z,America/New_York
USGS,01589035,28,2012-11-05,14:22,EST,Yes,jjk,USGS,6.21,231,Good,0,0.8,Clear,MEAS,1,main,WADE,QSCMM,VADV,231,72,116,2,SOFT,GRVL,UNEV,unkn,EVEN,STND,DNST,250,2012-11-05T19:22:30Z,America/New_York
USGS,01589035,29,2012-12-07,11:58,EST,Yes,jjk,USGS,5.54,91.2,Good,0,0.6,Clear,MEAS,1,m,WADE,QSCMM,VADV,91.2,68.2,61,1.5,SOFT,SAND,UNEV,unkn,EVEN,UNKN,DNST,250,2012-12-07T16:58:30Z,America/New_York
USGS,01589035,30,2013-01-31,14:53,EST,Yes,jkspem,USGS,15.79,7460,Poor,-0.38,0.5,,MEAS,1,main,BRDS,QADCP,VADCP,7460,204,2130,3.5,SOFT,SAND,EVEN,unkn,UNSP,UNKN,DNST,75,2013-01-31T19:53:30Z,America/New_York
USGS,01589035,31,2013-02-01,15:18,EST,Yes,jjk,USGS,10.29,2220,Good,-0.4,0.2,Clear,MEAS,1,main,BRDS,QADCP,VADCP,2220,116,644,3.45,SOFT,SAND,UNEV,unkn,UNSP,UNKN,DNST,75,2013-02-01T20:18:30Z,America/New_York
USGS,01589035,32,2013-02-06,10:44,EST,Yes,jjk,USGS,7.08,463,Fair,0,0.3,Clear,MEAS,1,main,BRDS,QADCP,VADCP,463,94.7,220,2.1,SOFT,SAND,UNEV,unkn,UNSP,UNKN,DNST,75,2013-02-06T15:44:21Z,America/New_York
USGS,01589035,33,2013-02-28,09:36,EST,Yes,JJK/SJP,USGS,7,405,Fair,0,0.3,Clear,MEAS,1,main,BRDS,QADCP,VADCP,405,92.8,198,2.05,SOFT,SAND,EVEN,unkn,EVEN,UNKN,DNST,75,2013-02-28T14:36:56Z,America/New_York
USGS,01589035,34,2013-03-13,09:28,EST,Yes,JJK/SJP,USGS,8.49,1010,Good,-0.01,0.3,Clear,MEAS,1,main,BRDS,QADCP,VADCP,1010,98.2,379,2.66,SOFT,SAND,EVEN,unkn,EVEN,UNFM,DNST,75,2013-03-13T13:28:34Z,America/New_York
USGS,01589035,35,2013-03-20,14:34,EST,Yes,JJK/SJP,USGS,6.94,395,Poor,0.02,0.3,Clear,MEAS,1,main,BRDS,QADCP,VADCP,395,94.3,183,2.15,SOFT,SAND,UNEV,unkn,EVEN,UNKN,DNST,75,2013-03-20T18:34:02Z,America/New_York
USGS,01589035,36,2013-04-11,16:00,EST,Yes,JJK,USGS,6.19,183,Poor,0,0.5,Clear,MEAS,1,main,BRDS,QADCP,VADCP,183,96.6,111,1.65,SOFT,SAND,EVEN,unkn,EVEN,STND,DNST,75,2013-04-11T20:00:43Z,America/New_York
USGS,01589035,37,2013-06-20,10:23,EST,Yes,JJK,USGS,6.5,243,Poor,-0.01,0.6,Clear,MEAS,1,sandy,BRDS,QADCP,VADCP,243,104,128,1.9,SOFT,SAND,UNEV,unkn,EVEN,STND,DNST,75,2013-06-20T14:23:15Z,America/New_York
USGS,01589035,38,2013-08-08,11:22,EST,Yes,JJK/MCG,USGS,9.83,1860,Poor,-0.46,0.4,Clear,MEAS,1,all,BRDS,QADCP,VADCP,1860,137,613,3.03,SOFT,SAND,UNEV,unkn,UNEV,STND,DNST,100,2013-08-08T15:22:39Z,America/New_York
USGS,01589035,39,2013-08-13,10:12,EST,Yes,JJK,USGS,5.83,116,Fair,0,0.6,Clear,MEAS,1,all,WADE,QSCMM,VADV,116,87,63.7,1.82,SOFT,GRVL,EVEN,unkn,EVEN,UNKN,UPST,20,2013-08-13T14:12:00Z,America/New_York
USGS,01589035,40,2013-08-16,14:14,EST,Yes,JJK,USGS,5.62,82.9,Good,0,0.5,Clear,MEAS,1,all,WADE,QSCMM,VADV,82.9,87.1,52.3,1.58,SOFT,GRVL,EVEN,unkn,EVEN,UNKN,UPST,20,2013-08-16T18:14:30Z,America/New_York
USGS,01589035,41,2013-09-10,13:39,EST,Yes,JJK,USGS,5.24,44.7,Fair,0,0.4,Clear,MEAS,1,all,WADE,QSCMM,VADV,44.7,45.1,33.5,1.33,SOFT,SAND,EVEN,unkn,EVEN,UNKN,DNST,200,2013-09-10T17:39:30Z,America/New_York
USGS,01589035,42,2013-09-12,10:46,EST,Yes,JJK,USGS,5.24,44.3,Good,0,0.6,Clear,MEAS,1,all,WADE,QSCMM,VADV,44.3,42.6,33,1.34,SOFT,SAND,EVEN,unkn,EVEN,UNKN,UPST,200,2013-09-12T14:46:30Z,America/New_York
USGS,01589035,43,2013-09-17,13:38,EST,Yes,JJK,USGS,5.21,39.5,Fair,0,0.3,DebrisLight,MEAS,1,all,CWAY,QADCP,VADCP,39.5,39.6,34.4,1.15,SOFT,SAND,EVEN,unkn,EVEN,NSTD,UPST,350,2013-09-17T17:38:26Z,America/New_York
USGS,01589035,44,2013-09-25,14:10,EST,Yes,JJK,USGS,5.21,46.3,Good,0,0.8,Clear,MEAS,1,all,WADE,QSCMM,VADV,46.3,48.4,34.7,1.33,FIRM,SAND,EVEN,unkn,EVEN,UNKN,UPST,250,2013-09-25T18:10:30Z,America/New_York
USGS,01589035,45,2013-10-30,13:01,EST,Yes,JJK,USGS,5.58,92,Poor,0,0.2,Clear,MEAS,1,all,CWAY,QADCP,VADCP,92,53.6,59,1.56,SOFT,SAND,UNEV,unkn,EVEN,UNKN,DNST,400,2013-10-30T17:01:55Z,America/New_York
USGS,01589035,46,2013-12-05,12:35,EST,Yes,jjk/sjp,USGS,5.64,93.6,Good,0,0.2,Clear,MEAS,1,1,CWAY,QADCP,VADCP,93.6,47.9,62.9,1.49,SOFT,SAND,EVEN,unkn,EVEN,NSTD,UPST,300,2013-12-05T17:35:44Z,America/New_York
USGS,01589035,47,2014-01-21,09:25,EST,Yes,JJK,USGS,6.48,276,Poor,0,0.3,Clear,MEAS,1,all,BRDS,QADCP,VADCP,276,96.8,138,2,SOFT,SAND,UNEV,unkn,EVEN,STND,DNST,75,2014-01-21T14:25:34Z,America/New_York
USGS,01589035,48,2014-02-21,14:55,EST,Yes,JJK,USGS,9.01,1510,Poor,0.3,0.5,Clear,MEAS,1,all,BRDS,QADCP,VADCP,1510,119,453,3.34,SOFT,SAND,UNEV,unkn,UNEV,NSTD,DNST,60,2014-02-21T19:55:05Z,America/New_York
USGS,01589035,49,2014-03-12,15:25,EST,Yes,JJK,USGS,6.93,448,Fair,0,0.2,Clear,MEAS,1,all,BRDS,QADCP,VADCP,448,96.8,193,2.32,FIRM,SAND,EVEN,unkn,EVEN,STND,DNST,75,2014-03-12T19:25:41Z,America/New_York
USGS,01589035,50,2014-03-31,15:27,EST,Yes,JJK/SJP,USGS,11.07,2860,Poor,-0.07,0.3,Clear,MEAS,1,1,BRDS,QADCP,VADCP,2860,116,696,4.1,SOFT,SAND,UNEV,unkn,EVEN,STND,DNST,35,2014-03-31T19:27:40Z,America/New_York
USGS,01589035,51,2014-04-08,15:07,EST,Yes,JJK/HK,USGS,7.58,623,Poor,0.01,0.2,Clear,MEAS,1,all,BRDS,QADCP,VADCP,623,96.3,241,2.59,SOFT,SAND,EVEN,unkn,UNEV,UNKN,DNST,75,2014-04-08T19:07:42Z,America/New_York
USGS,01589035,52,2014-04-28,14:20,EST,Yes,JJK/SJP,USGS,6.55,350,Fair,-0.01,0.3,Clear,MEAS,1,1,BRDS,QADCP,VADCP,350,97.4,157,2.22,SOFT,SAND,EVEN,unkn,UNEV,STND,DNST,75,2014-04-28T18:20:13Z,America/New_York
USGS,01589035,53,2014-05-01,09:26,EST,Yes,ELB/MCG,USGS,15.54,7080,Poor,-0.18,0.4,Clear,MEAS,1,Main,BRDS,QADCP,VADCP,7080,203,2040,3.47,SOFT,SAND,EVEN,unkn,UNEV,STND,DNST,80,2014-05-01T13:26:26Z,America/New_York
USGS,01589035,54,2014-06-19,14:57,EST,Yes,JJK,USGS,7.55,643,Good,-0.02,0.5,Clear,MEAS,1,all,BRDS,QADCP,VADCP,643,107,272,2.36,SOFT,SAND,EVEN,unkn,EVEN,NSTD,DNST,75,2014-06-19T18:57:52Z,America/New_York
USGS,01589035,55,2014-08-20,14:22,EST,Yes,JJK,USGS,5.46,86.8,Good,0,,Clear,MEAS,1,a,WADE,QSCMM,VADV,86.8,44.5,57.9,1.5,FIRM,GRVL,UNEV,unkn,EVEN,UNKN,DNST,250,2014-08-20T18:22:29Z,America/New_York
USGS,01589035,56,2014-10-15,12:53,EST,Yes,ELB/JJK,USGS,5.33,69.8,Fair,0,0.8,DebrisLight,MEAS,1,1,WADE,QSCMM,VADV,69.8,52.5,60.2,1.16,SOFT,SAND,EVEN,unkn,EVEN,UNKN,DNST,50,2014-10-15T16:53:30Z,America/New_York
USGS,01589035,57,2014-12-29,12:41,EST,Yes,ELB,USGS,6.31,262,Fair,0,0.3,Clear,MEAS,1,1,CWAY,QADCP,VADCP,262,96.4,154,1.71,SOFT,SAND,EVEN,unkn,EVEN,STND,DNST,60,2014-12-29T17:41:54Z,America/New_York
USGS,01589035,58,2015-02-11,11:47,EST,Yes,ELB/NJP,USGS,5.79,161,Fair,0.01,1.3,Clear,MEAS,1,1,WADE,QSCMM,VADV,161,95.8,103,1.57,SOFT,SAND,EVEN,unkn,EVEN,NSTD,DNST,80,2015-02-11T16:47:30Z,America/New_York
USGS,01589035,59,2015-02-27,13:29,EST,Yes,ELB,USGS,5.85,133,Poor,-0.01,0.8,IceShore,MEAS,1,1,WADE,QSCMM,VADV,133,97,89.1,1.49,SOFT,SAND,EVEN,unkn,UNEV,NSTD,DNST,120,2015-02-27T18:29:00Z,America/New_York
USGS,01589035,60,2015-03-10,09:29,EST,Yes,ELB,USGS,8.3,1060,Fair,-0.02,0.3,Clear,MEAS,1,1,BRDS,QADCP,VADCP,1060,103,368,2.89,SOFT,SAND,EVEN,unkn,EVEN,UNFM,DNST,60,2015-03-10T13:29:25Z,America/New_York
USGS,01589035,61,2015-03-12,08:27,EST,Yes,ELB/SJP,USGS,10.57,2650,Poor,,,Clear,MEAS,1,1,BRDS,QADCP,VADCP,2650,130,714,3.72,SOFT,SAND,UNEV,unkn,UNEV,STND,DNST,60,2015-03-12T12:27:52Z,America/New_York
USGS,01589035,62,2015-04-10,12:41,EST,Yes,ELB,USGS,6.3,288,Fair,0,0.3,Clear,MEAS,1,1,CWAY,QADCP,VADCP,288,94.8,148,1.96,SOFT,SAND,EVEN,unkn,EVEN,UNFM,DNST,80,2015-04-10T16:41:26Z,America/New_York
USGS,01589035,63,2015-04-15,15:08,EST,Yes,ELB/APG,USGS,5.89,196,Good,0,1,Clear,MEAS,1,1,WADE,QSCMM,VADV,196,90.9,116,1.69,SOFT,SAND,EVEN,unkn,EVEN,STND,DNST,80,2015-04-15T19:08:00Z,America/New_York
USGS,01589035,64,2015-06-15,13:44,EST,Yes,ELB,USGS,5.61,143,Good,0.01,0.8,Clear,MEAS,1,1,WADE,QSCMM,VADV,143,93.2,97.3,1.47,SOFT,SAND,EVEN,unkn,EVEN,STND,DNST,80,2015-06-15T17:44:30Z,America/New_York
USGS,01589035,65,2015-08-06,14:14,EST,Yes,ELB/PLG,USGS,5.34,83.5,Good,0,0.7,Clear,MEAS,1,1,WADE,QSCMM,VADV,83.5,102,67.4,1.24,SOFT,SAND,EVEN,unkn,UNEV,UNKN,DNST,100,2015-08-06T18:14:00Z,America/New_York
USGS,01589035,66,2015-08-17,09:15,EST,Yes,ELB,USGS,5.24,60.3,Good,,,Clear,MEAS,1,1,WADE,QSCMM,VADV,60.3,70.7,56.6,1.07,SOFT,GRVL,EVEN,unkn,UNEV,STND,UPST,20,2015-08-17T13:15:30Z,America/New_York
USGS,01589035,67,2015-08-25,14:24,EST,Yes,ELB/JK,USGS,5.42,102,Good,-0.03,1.5,Clear,MEAS,1,1,WADE,QSCMM,VADV,102,98.8,80,1.27,SOFT,SAND,EVEN,unkn,EVEN,STND,DNST,100,2015-08-25T18:24:00Z,America/New_York
USGS,01589035,68,2015-10-23,14:08,EST,No,,,,,,,,,,,,,,,,,,,,,,,,,,,2015-10-23T18:08:30Z,America/New_York
USGS,01589035,69,2015-11-06,13:15,EST,Yes,PLG/RMJ,USGS,5.42,88.5,Poor,0.01,1,Clear,MEAS,1,a,WADE,QSCMM,VADV,88.5,90.5,82.4,1.07,SOFT,SAND,EVEN,unkn,UNEV,UNKN,DNST,50,2015-11-06T18:15:30Z,America/New_York
USGS,01589035,70,2015-11-19,13:20,EST,Yes,PBRJJK,USGS,5.41,91.8,Good,0.03,2.1,,OTHR,1,Main,WADE,QSCMM,VADV,90.7,57,74.1,1.22,SOFT,GRVL,EVEN,unkn,EVEN,UNKN,UPST,300,2015-11-19T18:20:30Z,America/New_York
USGS,01589035,71,2015-12-08,12:39,EST,Yes,ELB,USGS,5.67,151,Good,,,Clear,MEAS,1,1,WADE,QSCMM,VADV,151,92.2,100,1.51,SOFT,SAND,EVEN,unkn,UNEV,STND,DNST,200,2015-12-08T17:39:00Z,America/New_York
USGS,01589035,72,2016-02-04,16:45,EST,Yes,ELB/PLG,USGS,10.93,2970,Fair,0,0.4,Clear,MEAS,1,x,BRDS,QADCP,VADCP,2970,128,749,3.97,SOFT,SAND,UNEV,unkn,UNEV,NSTD,DNST,100,2016-02-04T21:45:12Z,America/New_York
USGS,01589035,73,2016-02-05,11:58,EST,Yes,ELB/JEK,USGS,9.4,1790,Fair,-0.03,0.3,Clear,MEAS,1,1,BRDS,QADCP,VADCP,1790,118,530,3.37,SOFT,SAND,EVEN,unkn,EVEN,UNKN,DNST,50,2016-02-05T16:58:43Z,America/New_York
USGS,01589035,74,2016-03-03,10:49,EST,Yes,ELB,USGS,6.76,472,Good,0,0.3,Clear,MEAS,1,1,CWAY,QADCP,VADCP,472,103,218,2.17,SOFT,SAND,EVEN,unkn,EVEN,UNKN,DNST,100,2016-03-03T15:49:13Z,America/New_York
USGS,01589035,75,2016-04-19,14:41,EST,Yes,ELB,USGS,5.9,210,Good,0.01,0.9,Clear,MEAS,1,Main,WADE,QSCMM,VADV,210,96.1,132,1.59,SOFT,SAND,EVEN,unkn,EVEN,NSTD,DNST,100,2016-04-19T18:41:30Z,America/New_York
USGS,01589035,76,2016-06-13,17:16,EST,Yes,ELB,USGS,5.4,94.6,Fair,0,,Clear,MEAS,1,1,WADE,QSCMM,VADV,94.6,95.4,88.3,1.07,SOFT,SAND,UNEV,unkn,UNEV,NSTD,DNST,120,2016-06-13T21:16:00Z,America/New_York
USGS,01589035,77,2016-06-22,11:03,EST,Yes,JEK,USGS,6.15,249,Good,-0.06,1.1,Clear,MEAS,1,1,WADE,QSCMM,VADV,249,91.3,155,1.61,SOFT,SAND,EVEN,unkn,UNEV,STND,DNST,120,2016-06-22T15:03:00Z,America/New_York
USGS,01589035,78,2016-07-18,10:09,EST,Yes,ELB,USGS,5.25,63.3,Good,0,0.8,Clear,MEAS,1,1,WADE,QSCMM,VADV,63.3,64.7,74.7,0.85,SOFT,SAND,EVEN,unkn,EVEN,NSTD,UPST,3,2016-07-18T14:09:00Z,America/New_York
USGS,01589035,79C,2016-07-31,22:15,EST,Yes,JKARSQ,USGS,23.78,25500,Fair,,,,MEAS,1,Channel 1,OTHR,QIDIR,,25500,,,,UNSP,UNSP,UNSP,unkn,UNSP,UNSP,ATGA,,2016-07-31T02:15:00Z,America/New_York
USGS,01589035,80,2016-07-31,11:18,EST,Yes,JK/SQ/EB,USGS,7.83,712,Fair,-0.2,0.2,Clear,MEAS,1,main,BRDS,QADCP,VADCP,712,99,476,1.5,UNSP,UNSP,UNSP,unkn,EVEN,NSTD,DNST,60,2016-07-31T15:18:15Z,America/New_York
USGS,01589035,81,2016-08-01,15:38,EST,Yes,ELB/PJB,USGS,6.2,217,Fair,0.01,1,Clear,MEAS,1,1,WADE,QSCMM,VADV,217,63,112,1.94,SOFT,SAND,EVEN,unkn,EVEN,STND,DNST,200,2016-08-01T19:38:30Z,America/New_York
USGS,01589035,82,2016-08-09,09:28,EST,Yes,AMRPJB,USGS,5.43,78.8,Good,0,1,DebrisHeavy,MEAS,1,A,WADE,QSCMM,VADV,78.8,56,70.3,1.12,SOFT,SAND,EVEN,unkn,EVEN,UNKN,DNST,150,2016-08-09T13:28:30Z,America/New_York
USGS,01589035,83,2016-09-15,13:20,EST,Yes,PLG,USGS,5.1,46.5,Good,,,,MEAS,1,b,WADE,QSCMM,VADV,46.5,50.8,54.2,0.86,FIRM,GRVL,UNEV,unkn,EVEN,UNKN,DNST,150,2016-09-15T17:20:00Z,America/New_York
USGS,01589035,84,2016-10-04,13:10,EST,Yes,ELB/AMR,USGS,5.39,77.3,Good,0,1,Clear,MEAS,1,1,WADE,QSCMM,VADV,77.3,56,74.5,1.04,SOFT,SAND,EVEN,unkn,EVEN,STND,DNST,200,2016-10-04T17:10:00Z,America/New_York
USGS,01589035,85,2016-12-12,12:22,EST,Yes,PJB/AMR,USGS,5.52,102,Poor,0,0.5,Clear,MEAS,1,A,BRDS,QADCP,VADCP,102,93.7,217,0.47,SOFT,GRVL,EVEN,unkn,EVEN,UNKN,DNST,60,2016-12-12T17:22:26Z,America/New_York
USGS,01589035,86,2016-12-12,13:24,EST,Yes,PJB/AMR,USGS,5.51,95.6,Fair,0.01,0.8,Clear,MEAS,1,B,WADE,QSCMM,VADV,95.6,58,85,1.12,SOFT,GRVL,EVEN,unkn,EVEN,UNKN,DNST,150,2016-12-12T18:24:30Z,America/New_York
USGS,01589035,87,2017-02-06,14:35,EST,Yes,BDM/AMR,USGS,5.42,81.2,Fair,-0.02,2,Clear,MEAS,1,main,CWAY,QADCP,VADCP,81.2,48.9,84.5,0.96,SOFT,CBLS,UNEV,unkn,UNEV,STND,DNST,100,2017-02-06T19:35:33Z,America/New_York
USGS,01589035,88,2017-04-07,12:51,EST,Yes,EBARBM,USGS,6.85,428,Fair,0.01,0.1,Clear,MEAS,1,1,CWAY,QADCP,VADCP,428,93.6,307,1.4,SOFT,SAND,EVEN,unkn,EVEN,UNKN,DNST,60,2017-04-07T16:51:05Z,America/New_York
USGS,01589035,89,2017-04-18,14:13,EST,Yes,AMR/BDM,USGS,5.59,123,Fair,0.01,0.3,Clear,MEAS,1,a,CWAY,QADCP,VADCP,123,51.6,95.5,1.29,SOFT,silt,EVEN,unkn,EVEN,UNKN,DNST,100,2017-04-18T18:13:55Z,America/New_York
USGS,01589035,90,2017-05-05,15:47,EST,Yes,AMR/BDM,USGS,8.65,1330,Good,0.05,0.2,Clear,MEAS,1,a,CWAY,QADCP,VADCP,1330,102,494,2.68,SOFT,SAND,EVEN,unkn,EVEN,UNKN,DNST,50,2017-05-05T19:47:01Z,America/New_York
USGS,01589035,91,2017-05-10,14:08,EST,Yes,BDM/AMR,USGS,5.65,138,Good,0,0.3,Clear,MEAS,1,a,CWAY,QADCP,VADCP,138,52.9,98.9,1.39,FIRM,CBLS,EVEN,unkn,EVEN,UNKN,DNST,50,2017-05-10T18:08:07Z,America/New_York
USGS,01589035,92,2017-05-15,14:15,EST,Yes,BDM,USGS,6.24,262,Good,-0.01,1.5,Clear,MEAS,1,main,WADE,QSCMM,VADV,262,60.5,128,2.04,FIRM,BLDR,UNEV,unkn,EVEN,STND,DNST,150,2017-05-15T18:15:00Z,America/New_York
USGS,01589035,93,2017-06-21,15:25,EST,Yes,BDM/AMR,USGS,5.4,94.7,Fair,0,0.3,DebrisModerate,MEAS,1,main,CWAY,QADCP,VADCP,94.7,49.4,87.2,1.09,FIRM,BLDR,UNEV,unkn,EVEN,STND,DNST,200,2017-06-21T19:25:32Z,America/New_York
USGS,01589035,94,2017-07-29,08:03,EST,Yes,JEK/BDM,USGS,7.48,627,Poor,-0.08,0.3,Clear,MEAS,1,main,CWAY,QADCP,VADCP,627,93.9,297,2.11,FIRM,SAND,UNEV,unkn,UNEV,STND,DNST,100,2017-07-29T12:03:59Z,America/New_York
USGS,01589035,95,2017-07-31,15:26,EST,Yes,AMR/BDM,USGS,5.3,81.3,Fair,0,0.35,ScourControlChanged,MEAS,1,a,CWAY,QADCP,VADCP,81.3,50.6,84,0.97,SOFT,SAND,EVEN,unkn,EVEN,UNKN,DNST,200,2017-07-31T19:26:52Z,America/New_York
USGS,01589035,96,2017-10-04,13:40,EST,Yes,BDM/AMR/PJB,USGS,4.99,34.5,Fair,0,1,DebrisLight,MEAS,1,main,WADE,QSCMM,VADV,34.5,45.5,63.3,0.55,FIRM,CBLS,UNEV,STDY,UNEV,STND,DNST,200,2017-10-04T17:40:30Z,America/New_York
USGS,01589035,97,2017-10-13,14:01,EST,Yes,AMR/ELW,USGS,5.36,87.8,Good,0,0.4,Clear,MEAS,1,a,CWAY,QADCP,VADCP,87.8,51,82.4,1.06,FIRM,CBLS,EVEN,STDY,EVEN,STND,DNST,150,2017-10-13T18:01:01Z,America/New_York
USGS,01589035,98,2017-10-23,13:25,EST,Yes,BDM,USGS,5.08,43.3,Fair,-0.01,1.07,DebrisModerate,MEAS,1,main,WADE,QSCMM,VADV,43.3,46.7,68,0.64,FIRM,CBLS,UNEV,STDY,EVEN,STND,DNST,175,2017-10-23T17:25:00Z,America/New_York
USGS,01589035,99,2017-10-30,14:10,EST,Yes,BDM,USGS,5.97,197,Fair,-0.02,0.3,Clear,MEAS,1,main,CWAY,QADCP,VADCP,197,54.3,114,1.73,FIRM,BLDR,UNEV,STDY,EVEN,STND,DNST,175,2017-10-30T18:10:57Z,America/New_York
USGS,01589035,100,2017-11-03,11:41,EST,Yes,AMR,USGS,5.19,55.7,Fair,0,1.2,DebrisLight,MEAS,1,a,WADE,QSCMM,VADV,55.7,50.1,72.6,0.77,FIRM,CBLS,EVEN,STDY,EVEN,STND,DNST,75,2017-11-03T15:41:00Z,America/New_York
USGS,01589035,101,2017-11-08,11:45,EST,Yes,AMR/BDM,USGS,6.21,256,Good,0.01,0.2,Clear,MEAS,1,a,CWAY,QADCP,VADCP,256,58.4,128,2,SOFT,SAND,EVEN,STDY,EVEN,STND,DNST,150,2017-11-08T16:45:06Z,America/New_York
USGS,01589035,102,2017-12-05,13:53,EST,Yes,BDM/AMR,USGS,5.17,55.4,Fair,0,1,DebrisLight,MEAS,1,a,WADE,QSCMM,VADV,55.4,50.6,71,0.78,FIRM,CBLS,EVEN,STDY,EVEN,UNKN,DNST,100,2017-12-05T18:53:00Z,America/New_York
USGS,01589035,103,2018-01-26,14:35,EST,Yes,ASB/AMR,USGS,5.24,74.2,Fair,0,0.26,Clear,MEAS,1,a,CWAY,QADCP,VADCP,74.2,46.3,71.4,1.04,FIRM,SAND,EVEN,STDY,EVEN,UNFM,DNST,150,2018-01-26T19:35:11Z,America/New_York
USGS,01589035,104,2018-02-11,11:28,EST,Yes,AMR/MCG,USGS,7.5,754,Poor,0.06,0.3,Clear,MEAS,1,a,BRDS,QADCP,VADCP,754,99.6,290,2.6,SOFT,SAND,EVEN,STDY,EVEN,STND,DNST,75,2018-02-11T16:28:24Z,America/New_York
USGS,01589035,105,2018-02-20,13:55,EST,Yes,AMR/BDM,USGS,5.68,159,Fair,0,0.3,Clear,MEAS,1,a,CWAY,QADCP,VADCP,159,55.9,103,1.55,SOFT,SAND,EVEN,STDY,EVEN,STND,DNST,200,2018-02-20T18:55:00Z,America/New_York
USGS,01589035,106,2018-04-09,12:16,EST,Yes,AMR/BDM,USGS,5.45,101,Fair,-0.01,0.27,Clear,MEAS,1,Main,CWAY,QADCP,VADCP,101,51.6,85.8,1.18,FIRM,SAND,UNEV,STDY,EVEN,STND,DNST,200,2018-04-09T16:16:52Z,America/New_York
USGS,01589035,107,2018-04-16,18:16,EST,Yes,AMR/ASB,USGS,8.49,1180,Fair,-0.05,0.3,Clear,MEAS,1,a,BRDS,QADCP,VADCP,1180,101,410,2.89,SOFT,SAND,EVEN,STDY,EVEN,UNKN,DNST,50,2018-04-16T22:16:05Z,America/New_York
USGS,01589035,108,2018-04-20,15:07,EST,Yes,AMR,USGS,5.73,175,Fair,-0.01,0.3,Clear,MEAS,1,a,CWAY,QADCP,VADCP,175,58,107,1.63,SOFT,SAND,EVEN,STDY,EVEN,STND,DNST,150,2018-04-20T19:07:00Z,America/New_York
USGS,01589035,109,2018-05-18,09:15,EST,Yes,BDM/AMR,USGS,8.51,1260,Fair,,,Clear,MEAS,1,a,BRDS,QADCP,VADCP,1260,101,412,3.06,SOFT,SAND,EVEN,STDY,EVEN,STND,DNST,40,2018-05-18T13:15:19Z,America/New_York
USGS,01589035,110,2018-05-31,10:47,EST,Yes,BDM/CMD,USGS,6.82,426,Fair,,,Clear,MEAS,1,Main,CWAY,QADCP,VADCP,426,82.6,216,1.97,FIRM,SAND,EVEN,STDY,UNEV,NSTD,DNST,150,2018-05-31T14:47:28Z,America/New_York
USGS,01589035,111,2018-06-01,08:27,EST,Yes,BDM/ASB,USGS,7.74,814,Fair,,,Clear,MEAS,1,a,CWAY,QADCP,VADCP,814,102,356,2.28,FIRM,SAND,EVEN,STDY,EVEN,NSTD,DNST,60,2018-06-01T12:27:14Z,America/New_York
USGS,01589035,112,2018-06-04,16:10,EST,Yes,CMD/BDM,USGS,9.93,2250,Fair,,,Clear,MEAS,1,Main,BRDS,QADCP,VADCP,2250,112,603,3.72,SOFT,SAND,EVEN,STDY,EVEN,NSTD,DNST,60,2018-06-04T20:10:20Z,America/New_York
USGS,01589035,113,2018-06-06,16:10,EST,Yes,BDM/WCD,USGS,7.92,919,Poor,,,Clear,MEAS,1,Main,BRDS,QADCP,VADCP,919,100,320,2.87,SOFT,SAND,UNEV,STDY,UNEV,NSTD,DNST,60,2018-06-06T20:10:03Z,America/New_York
USGS,01589035,114,2018-06-18,14:36,EST,Yes,BDM/AMR,USGS,6.48,306,Fair,0,0.3,Clear,MEAS,1,a,CWAY,QADCP,VADCP,306,79.7,149,2.05,SOFT,silt,UNEV,STDY,UNEV,STND,DNST,100,2018-06-18T18:36:41Z,America/New_York
USGS,01589035,115,2018-06-27,13:02,EST,Yes,BDM,USGS,6.44,301,Fair,-0.01,0.25,Clear,MEAS,1,Main,CWAY,QADCP,VADCP,301,72.3,154,1.95,SOFT,SAND,UNEV,STDY,UNEV,STND,DNST,200,2018-06-27T17:02:08Z,America/New_York
USGS,01589035,116,2018-07-05,10:30,EST,Yes,AMR/BDM,USGS,5.87,174,Good,0,0.67,Clear,MEAS,1,Main,WADE,QSCMM,VADV,174,104,104,1.67,SOFT,SAND,EVEN,STDY,EVEN,STND,UPST,50,2018-07-05T14:30:00Z,America/New_York
USGS,01589035,117,2018-07-05,10:44,EST,Yes,AMR/BDM,USGS,5.87,172,Fair,0,0.26,Clear,MEAS,1,Main2,CWAY,QADCP,VADCP,172,57.4,95,1.81,FIRM,SAND,UNEV,STDY,EVEN,STND,UPST,200,2018-07-05T14:44:55Z,America/New_York
USGS,01589035,118,2018-07-22,14:32,EST,Yes,AMR/BDM,USGS,10.6,2550,Poor,-0.08,0.3,Clear,MEAS,1,a,BRDS,QADCP,VADCP,2550,120,663,3.85,SOFT,SAND,UNEV,STDY,UNEV,UNKN,DNST,30,2018-07-22T18:32:43Z,America/New_York
USGS,01589035,119,2018-07-24,16:36,EST,Yes,BDM/AMR,USGS,12.59,3940,Poor,,,Clear,MEAS,1,a,BRDS,QADCP,VADCP,3940,148,980,4.02,SOFT,SAND,EVEN,STDY,UNEV,STND,DNST,50,2018-07-24T20:36:39Z,America/New_York
USGS,01589035,120,2018-07-26,11:26,EST,Yes,BDM/AMR,USGS,14.09,5390,Poor,,,Clear,MEAS,1,a,BRDS,QADCP,VADCP,5390,212,1720,3.13,SOFT,SAND,UNEV,STDY,UNEV,STND,DNST,50,2018-07-26T15:26:31Z,America/New_York
USGS,01589035,121,2018-07-26,12:27,EST,Yes,BDM/AMR,USGS,13.83,4880,Poor,,,Clear,MEAS,1,b,BRDS,QADCP,VADCP,4880,129,955,5.11,SOFT,SAND,UNEV,STDY,EVEN,STND,DNST,50,2018-07-26T16:27:25Z,America/New_York
USGS,01589035,122,2018-07-31,12:56,EST,Yes,AMR/DTR/AFB,USGS,7.61,645,Poor,-0.03,0.4,Clear,MEAS,1,a,BRDS,QADCP,VADCP,645,100,249,2.59,SOFT,SAND,UNEV,STDY,UNEV,STND,DNST,50,2018-07-31T16:56:23Z,America/New_York
USGS,01589035,123,2018-08-20,13:12,EST,Yes,AMR/BDM,USGS,6.93,391,Poor,0,0.2,Clear,MEAS,1,a,CWAY,QADCP,VADCP,391,80.1,162,2.41,SOFT,SAND,UNEV,STDY,EVEN,STND,UPST,100,2018-08-20T17:12:00Z,America/New_York
USGS,01589035,124,2018-08-22,11:47,EST,Yes,BDM/AMR,USGS,11.05,2640,Poor,-0.12,0.3,Clear,MEAS,1,a,BRDS,QADCP,VADCP,2640,103,557,4.74,SOFT,SAND,EVEN,STDY,EVEN,STND,DNST,50,2018-08-22T15:47:19Z,America/New_York
USGS,01589035,125,2018-08-29,09:58,EST,Yes,AMR/BDM,USGS,6.79,370,Fair,,,,MEAS,1,a,CWAY,QADCP,VADCP,370,90.5,168,2.2,SOFT,SAND,UNEV,STDY,EVEN,STND,DNST,10,2018-08-29T13:58:37Z,America/New_York
USGS,01589035,126,2018-08-31,13:26,EST,Yes,BDM/AMR,USGS,6.63,323,Fair,0.01,0.23,Clear,MEAS,1,a,CWAY,QADCP,VADCP,323,92.4,153,2.11,SOFT,SAND,EVEN,STDY,EVEN,STND,DNST,10,2018-08-31T17:26:35Z,America/New_York
USGS,01589035,127,2018-09-04,13:37,EST,Yes,BDM,USGS,6.8,379,Fair,0,0.23,,MEAS,1,Main,CWAY,QADCP,VADCP,379,93,170,2.23,SOFT,SAND,UNEV,STDY,EVEN,STND,DNST,5,2018-09-04T17:37:50Z,America/New_York
USGS,01589035,128,2018-09-08,09:54,EST,Yes,AMR/BDM,USGS,8.9,1320,Poor,-0.06,0.4,Clear,MEAS,1,a,BRDS,QADCP,VADCP,1320,101,379,3.48,SOFT,SAND,UNEV,STDY,UNEV,STND,DNST,40,2018-09-08T13:54:05Z,America/New_York
USGS,01589035,129,2018-09-11,17:28,EST,Yes,AMR/BDM/ASB,USGS,9.46,1690,Poor,-0.08,0.3,Clear,MEAS,1,a,BRDS,QADCP,VADCP,1690,111,466,3.63,SOFT,SAND,EVEN,STDY,EVEN,STND,DNST,50,2018-09-11T21:28:31Z,America/New_York
USGS,01589035,130,2018-09-12,08:44,EST,Yes,AMR/BDM,USGS,8.92,1230,Poor,-0.03,0.2,Clear,MEAS,1,a,BRDS,QADCP,VADCP,1230,96.1,346,3.55,SOFT,SAND,EVEN,STDY,EVEN,STND,DNST,40,2018-09-12T12:44:32Z,America/New_York
USGS,01589035,131,2018-09-13,09:53,EST,Yes,AMR/BDM,USGS,8.61,1140,Fair,0.01,0.23,Clear,MEAS,1,a,BRDS,QADCP,VADCP,1140,100,348,3.26,SOFT,SAND,EVEN,STDY,EVEN,STND,DNST,50,2018-09-13T13:53:33Z,America/New_York
USGS,01589035,132,2018-09-14,08:41,EST,Yes,AMR/BDM,USGS,8.13,861,Poor,-0.01,0.25,Clear,MEAS,1,a,BRDS,QADCP,VADCP,861,92.8,274,3.14,SOFT,SAND,EVEN,STDY,EVEN,STND,DNST,50,2018-09-14T12:41:32Z,America/New_York
USGS,01589035,133,2018-09-15,09:08,EST,Yes,AMR/BDM,USGS,7.92,813,Poor,0,0.25,Clear,MEAS,1,a,BRDS,QADCP,VADCP,813,105,302,2.7,SOFT,SAND,EVEN,STDY,EVEN,STND,DNST,50,2018-09-15T13:08:06Z,America/New_York
USGS,01589035,134,2018-09-16,08:25,EST,Yes,AMR/BDM,USGS,7.7,707,Poor,0.01,0.25,Clear,MEAS,1,a,CWAY,QADCP,VADCP,707,95.8,260,2.72,FIRM,SAND,EVEN,STDY,EVEN,STND,DNST,5,2018-09-16T12:25:22Z,America/New_York
USGS,01589035,135,2018-09-17,13:36,EST,Yes,AMR/BDM,USGS,7.48,617,Fair,0,0.2,Clear,MEAS,1,a,CWAY,QADCP,VADCP,617,95.3,240,2.57,SOFT,SAND,EVEN,STDY,EVEN,STND,DNST,5,2018-09-17T17:36:07Z,America/New_York
USGS,01589035,136,2018-09-18,08:10,EST,Yes,AMR/BDM,USGS,8.47,1070,Poor,-0.05,0.28,Clear,MEAS,1,a,BRDS,QADCP,VADCP,1070,100,336,3.18,SOFT,SAND,EVEN,STDY,EVEN,STND,DNST,50,2018-09-18T12:10:45Z,America/New_York
USGS,01589035,137,2018-09-19,08:45,EST,Yes,SMM/AMR/BDM,USGS,8.08,859,Poor,,0.28,Clear,MEAS,1,Main,BRDS,QADCP,VADCP,859,102,314,2.73,SOFT,SAND,UNEV,STDY,UNEV,UNKN,DNST,80,2018-09-19T12:45:06Z,America/New_York
USGS,01589035,138,2018-09-20,08:34,EST,Yes,AMR/ASB,USGS,7.65,677,Poor,0,0.25,Clear,MEAS,1,a,CWAY,QADCP,VADCP,677,98.4,257,2.64,SOFT,SAND,EVEN,STDY,EVEN,STND,DNST,5,2018-09-20T12:34:07Z,America/New_York
USGS,01589035,139,2018-09-21,11:30,EST,Yes,SMM/BDM,USGS,7.41,578,Poor,-0.02,0.23,,MEAS,1,Main,CWAY,QADCP,VADCP,578,95.6,225,2.57,SOFT,SAND,EVEN,STDY,EVEN,NSTD,DNST,5,2018-09-21T15:30:44Z,America/New_York
USGS,01589035,140,2018-09-22,08:59,EST,Yes,SMM/BDM,USGS,7.34,550,Poor,-0.02,0.43,Clear,MEAS,1,main,CWAY,QADCP,VADCP,550,94.1,213,2.58,SOFT,SAND,UNEV,STDY,UNEV,NSTD,DNST,5,2018-09-22T12:59:13Z,America/New_York
USGS,01589035,141,2018-09-23,09:25,EST,Yes,BDM/AMR,USGS,7.29,547,Poor,0.01,0.28,Clear,MEAS,1,a,CWAY,QADCP,VADCP,547,96.4,211,2.59,SOFT,SAND,UNEV,STDY,EVEN,STND,DNST,10,2018-09-23T13:25:48Z,America/New_York
USGS,01589035,142,2018-09-24,10:19,EST,Yes,AMR/BDM,USGS,8.64,1090,Poor,,,Clear,MEAS,1,a,BRDS,QADCP,VADCP,1090,98.8,309,3.51,SOFT,SAND,UNEV,STDY,EVEN,STND,DNST,50,2018-09-24T14:19:05Z,America/New_York
USGS,01589035,143,2018-09-25,09:18,EST,Yes,AMR/ASB,USGS,8.09,902,Poor,0.03,0.3,Clear,MEAS,1,a,BRDS,QADCP,VADCP,902,106,302,2.98,SOFT,SAND,UNEV,STDY,EVEN,STND,DNST,50,2018-09-25T13:18:55Z,America/New_York
USGS,01589035,144,2018-09-26,09:22,EST,Yes,SMM/BDM,USGS,8.73,1230,Poor,,,Clear,MEAS,1,Main,BRDS,QADCP,VADCP,1230,103,345,3.57,SOFT,SAND,UNEV,STDY,UNEV,UNKN,DNST,80,2018-09-26T13:22:18Z,America/New_York
USGS,01589035,145,2018-09-27,08:01,EST,Yes,AMR/BDM,USGS,10.2,2010,Poor,-0.05,0.25,Clear,MEAS,1,a,BRDS,QADCP,VADCP,2010,105,476,4.23,SOFT,SAND,UNEV,STDY,EVEN,STND,DNST,50,2018-09-27T12:01:47Z,America/New_York
USGS,01589035,146,2018-09-28,13:27,EST,Yes,BDM/AMR,USGS,13.63,4610,Poor,-0.11,0.33,Clear,MEAS,1,a,BRDS,QADCP,VADCP,4610,135,937,4.92,SOFT,SAND,UNEV,STDY,EVEN,STND,DNST,80,2018-09-28T17:27:37Z,America/New_York
USGS,01589035,147,2018-10-01,12:35,EST,Yes,BDM/AMR,USGS,8.54,1030,Poor,0.04,0.23,Clear,MEAS,1,Main,BRDS,QADCP,VADCP,1030,105,325,3.18,SOFT,SAND,UNEV,STDY,EVEN,NSTD,DNST,80,2018-10-01T16:35:34Z,America/New_York
USGS,01589035,148,2018-10-03,10:57,EST,Yes,AMR/BDM,USGS,8.11,813,Poor,-0.01,0.3,Clear,MEAS,1,a,CWAY,QADCP,VADCP,813,110,303,2.68,SOFT,SAND,UNEV,STDY,EVEN,STND,DNST,50,2018-10-03T14:57:07Z,America/New_York
USGS,01589035,149,2018-10-05,09:03,EST,Yes,SMM/BDM,USGS,8.61,1000,Poor,-0.02,0.25,Clear,MEAS,1,Main,BRDS,QADCP,VADCP,1000,101,333,3.01,SOFT,SAND,UNEV,STDY,EVEN,NSTD,DNST,80,2018-10-05T13:03:12Z,America/New_York
USGS,01589035,150,2018-10-05,17:30,EST,Yes,AMR/TGM,USGS,8.27,847,Poor,-0.02,0.2,Clear,MEAS,1,a,BRDS,QADCP,VADCP,847,99.2,271,3.12,SOFT,SAND,UNEV,STDY,EVEN,STND,DNST,50,2018-10-05T21:30:25Z,America/New_York
USGS,01589035,151,2018-10-09,09:48,EST,Yes,AMR/ASB,USGS,7.71,628,Poor,0,0.3,Clear,MEAS,1,a,CWAY,QADCP,VADCP,628,102,247,2.55,SOFT,SAND,UNEV,STDY,EVEN,STND,DNST,10,2018-10-09T13:48:57Z,America/New_York
USGS,01589035,152,2018-10-12,09:16,EST,Yes,AMR/BDM,USGS,8.39,989,Poor,-0.02,0.25,Clear,MEAS,1,a,BRDS,QADCP,VADCP,989,106,312,3.17,SOFT,SAND,UNEV,STDY,EVEN,STND,DNST,50,2018-10-12T13:16:01Z,America/New_York
USGS,01589035,153,2018-10-15,08:43,EST,Yes,BDM/AMR,USGS,7.53,564,Poor,-0.01,0.3,Clear,MEAS,1,a,CWAY,QADCP,VADCP,564,95.2,223,2.53,SOFT,SAND,UNEV,STDY,EVEN,STND,DNST,10,2018-10-15T12:43:09Z,America/New_York
USGS,01589035,154,2018-10-16,09:13,EST,Yes,BDM/AMR,USGS,7.61,602,Poor,-0.02,0.25,Clear,MEAS,1,a,CWAY,QADCP,VADCP,602,95.4,233,2.59,SOFT,SAND,UNEV,STDY,EVEN,STND,DNST,10,2018-10-16T13:13:40Z,America/New_York
USGS,01589035,155,2018-10-19,14:08,EST,Yes,AMR/BDM,USGS,7.24,465,Poor,0,0.28,Clear,MEAS,1,a,CWAY,QADCP,VADCP,465,93.4,197,2.36,SOFT,SAND,UNEV,STDY,EVEN,STND,DNST,10,2018-10-19T18:08:35Z,America/New_York
USGS,01589035,156,2018-10-22,12:34,EST,Yes,AMR/BDM,USGS,7.12,412,Fair,0,0.25,Clear,MEAS,1,a,CWAY,QADCP,VADCP,412,93.5,178,2.32,SOFT,SAND,UNEV,STDY,EVEN,STND,DNST,10,2018-10-22T16:34:25Z,America/New_York
USGS,01589035,157,2018-10-26,11:10,EST,Yes,AMR/BDM,USGS,7.06,389,Fair,-0.01,0.25,Clear,MEAS,1,a,CWAY,QADCP,VADCP,389,92.2,173,2.25,SOFT,SAND,UNEV,STDY,EVEN,STND,DNST,10,2018-10-26T15:10:20Z,America/New_York
USGS,01589035,158,2018-10-29,10:07,EST,Yes,BDM/AMR,USGS,7.54,576,Poor,-0.01,0.28,Clear,MEAS,1,a,CWAY,QADCP,VADCP,576,95.7,226,2.55,SOFT,SAND,EVEN,STDY,EVEN,STND,DNST,10,2018-10-29T14:07:57Z,America/New_York
USGS,01589035,159,2018-10-31,13:00,EST,Yes,AMR/BDM,USGS,7.2,448,Fair,0.01,0.26,Clear,MEAS,1,a,CWAY,QADCP,VADCP,448,93,190,2.36,SOFT,SAND,UNEV,STDY,EVEN,STND,DNST,10,2018-10-31T17:00:30Z,America/New_York
USGS,01589035,160,2018-11-03,08:03,EST,Yes,BDM/AMR,USGS,10.03,1860,Poor,-0.02,0.25,Clear,MEAS,1,Main,BRDS,QADCP,VADCP,1860,112,504,3.7,SOFT,SAND,UNEV,STDY,EVEN,STND,DNST,50,2018-11-03T12:03:24Z,America/New_York
USGS,01589035,161,2018-11-05,13:38,EST,Yes,BDM/AMR,USGS,9.43,1540,Poor,0.02,0.25,Clear,MEAS,1,a,BRDS,QADCP,VADCP,1540,105,426,3.6,SOFT,SAND,UNEV,STDY,EVEN,STND,DNST,50,2018-11-05T18:38:37Z,America/New_York
USGS,01589035,162,2018-11-08,09:58,EST,Yes,AMR/BDM,USGS,8.49,977,Fair,0.01,0.25,Clear,MEAS,1,a,BRDS,QADCP,VADCP,977,98.7,313,3.13,SOFT,SAND,UNEV,STDY,EVEN,STND,DNST,50,2018-11-08T14:58:14Z,America/New_York
USGS,01589035,163,2018-11-13,08:01,EST,Yes,BDM/AMR,USGS,9.86,1730,Poor,0.02,0.25,Clear,MEAS,1,a,BRDS,QADCP,VADCP,1730,107,477,3.63,SOFT,SAND,UNEV,STDY,EVEN,STND,DNST,50,2018-11-13T13:01:14Z,America/New_York
USGS,01589035,164,2018-11-16,11:07,EST,Yes,AMR/BDM,USGS,10.55,2340,Poor,-0.03,0.25,,MEAS,1,a,BRDS,QADCP,VADCP,2340,113,573,4.09,SOFT,SAND,UNEV,STDY,EVEN,STND,DNST,50,2018-11-16T16:07:54Z,America/New_York
USGS,01589035,165,2018-11-20,11:22,EST,Yes,AMR/BDM/TGM,USGS,8.35,892,Poor,0.01,0.25,Clear,MEAS,1,a,BRDS,QADCP,VADCP,892,102,309,2.89,SOFT,SAND,UNEV,STDY,EVEN,STND,DNST,50,2018-11-20T16:22:17Z,America/New_York
